name,price,Performance_1_to_10,Weight_Proxy,Battery_Proxy
Huawei MateBook Fold Laptop,319930,1.0,1.6918240986295665,6.5
Lenovo V15 G4 â82C70081GE Laptop,33890,2.56198347107438,1.7919876232546255,8.0
Dell G15-5530 Gaming Laptop,66800,6.890909090909091,2.5093304698635093,4.0
Acer One 14 Z8-415 Laptop,22990,1.4958677685950414,1.8635237589092553,5.5
HP Victus 15-fb3012AX Gaming Laptop,66240,3.2462809917355373,2.532804215177293,4.0
HP 245 G10 Laptop,29690,2.7107438016528924,1.692853082859222,8.0
Apple MacBook Air 2025 Laptop,91900,1.4462809917355373,1.2826173441418942,9.5
Lenovo ThinkBook 16 21MWA0BSIN Laptop,49000,2.7107438016528924,1.6007522550511422,5.5
Asus Expertbook P1 14 P1403CVA-S60938WS Laptop,34990,1.3471074380165289,1.8473857415238002,8.0
HP 15-fr0028TU Laptop,59990,6.206611570247934,1.7031623749690077,5.5
Lenovo LOQ 15IAX9 83LK0068IN Gaming Laptop,67990,5.829752066115702,2.491467272732338,4.0
Asus Vivobook 16X K3605ZF-RP458WS Laptop,59990,4.966942148760331,2.4111529093892305,4.0
Samsung Galaxy Book 4 NP750XGJ-LG4IN Laptop,38990,1.4958677685950414,1.614934737312127,8.0
HP 15-fd0569TU Laptop,34990,1.3471074380165289,1.655144039572368,8.0
MSI Titan 18 HX AI A2XWJG-486IN Gaming Laptop,620990,4.966942148760331,2.4063826973042675,4.0
Lenovo IdeaPad Slim 3 82XM00QDIN Laptop,39990,2.7107438016528924,1.6191100544291646,8.0
Lenovo LOQ 15IRX9 83DV018QIN Gaming Laptop,91290,7.218181818181819,2.690993823002046,4.0
Acer Aspire Lite AL15-52H Laptop,41391,4.966942148760331,1.6925135963495685,5.5
Asus TUF Gaming A15 FA566NFR-HN259W Laptop,56700,3.925619834710744,2.583188736855205,4.0
Asus TUF Gaming A15 FA506NCG-HN199W Laptop,70990,4.371900826446281,2.7998251331817063,4.0
HP Victus 16-r1705TX Gaming Laptop,79990,6.890909090909091,2.517400450389335,4.0
Lenovo ThinkBook 16 21KKA0HGIN Laptop,40304,2.7107438016528924,1.7571393956167398,8.0
HP 15-fc0154AU Laptop,29890,1.322314049586777,1.7952831747865843,8.0
Apple MacBook Air 2020 MGND3HN Laptop,54490,2.041322314049587,1.348193649218876,9.5
Infinix XBOOK B15 Series BL51A5 Laptop,44990,3.925619834710744,1.6569759267530018,8.0
Infinix XBOOK B15 Series BL51A5 Laptop,32990,2.7107438016528924,1.7051538834391604,8.0
Infinix XBOOK B15 BL51A5 Laptop,30990,2.7107438016528924,1.738764240876595,8.0
Asus Expertbook P1 P1503CVA-S70611WS Laptop,48990,6.206611570247934,1.8727172728901353,5.5
HP â15-fd0467TU Laptop,51000,2.884297520661157,1.6544694749510598,8.0
HP Victus 15-fb3025AX Gaming Laptop,100990,6.667768595041322,2.6945467253965796,4.0
Acer Aspire Lite 15 AL15-52H Laptop,47990,4.966942148760331,1.8732233641367007,5.5
Lenovo LOQ 2024 83GS003VIN Gaming Laptop,73990,5.829752066115702,2.786027696641069,4.0
HP Omen 16-wf1096TX Gaming Laptop,119990,7.709090909090909,2.702856576016788,4.0
Dell Inspiron 3530 OIN353034071RINS1M Laptop,48866,2.7355371900826446,1.682405647372819,8.0
Zebronics ZEB-NBC 5S Laptop,36990,4.12396694214876,1.7634588456620988,8.0
Apple MacBook Air 2022 Laptop,74994,2.884297520661157,1.2629744513525996,9.5
Asus Vivobook 15 X1504VA-NJ546WS Laptop,55990,2.7355371900826446,1.652192644699874,8.0
HP Victus 15-fa2191TX Gaming Laptop,66400,6.801652892561983,2.6596202076586044,4.0
Dell 14 Plus ODB1425550701RINU1 AI Laptop,76490,1.1487603305785123,1.8692672726078718,6.5
HP Omen 16-ae0002TX Gaming Laptop,118900,7.709090909090909,2.6009768404355365,4.0
Lenovo LOQ 15ARP9 83JC00JYIN Gaming Laptop,84990,4.788429752066116,2.6885203500430346,4.0
MSI Thin 15 B13UC-3231IN Gaming Laptop,66990,6.801652892561983,2.43258933666556,4.0
HP OmniBook 5 Next Gen AI 14-he0014QU Laptop,68990,1.1487603305785123,1.6844182785252493,8.0
HP 15-fd0574TU Laptop,39499,1.3471074380165289,1.7417594230885567,8.0
Asus TUF Gaming A15 FA566NCR-HN117W Laptop,67990,4.371900826446281,2.4143630215735707,4.0
Asus Expertbook P1 P1503CVA-S71074WS Laptop,35990,1.3471074380165289,1.8626504865640658,8.0
Motorola Motobook 60 Laptop,54990,1.0,1.6454237950844495,5.5
Acer Aspire 3 A311-45 UN.354SI.002 Laptop,19990,1.0,1.633568478202169,6.5
MSI Katana 15 HX B14WFK-641IN Gaming Laptop,134990,6.355371900826446,2.722693564044185,4.0
Acer Aspire 3 A324-51 UN.343SI.003 Laptop,34990,2.7355371900826446,1.7698947493145387,8.0
Infinix GT Book Gaming Laptop,94990,7.709090909090909,2.4705379866109354,4.0
Samsung Galaxy Book 4 np750xgj-kg2in Laptop,53270,2.884297520661157,1.761786207879337,8.0
Asus Vivobook Go 15 OLED 2023 E1504FA-LK541WS Laptop,39990,2.7107438016528924,1.6869839175357695,8.0
Samsung Galaxy Book2 Laptop,44899,2.884297520661157,1.771302335365056,5.5
Lenovo ThinkBook 14 21SGA02WIG Laptop,66317,1.1487603305785123,1.686644323940516,5.5
Asus Vivobook 15 M1502YA-BQ712WS Laptop,53990,3.925619834710744,1.744833311007623,8.0
HP Victus 15-fb3125AX Gaming Laptop,69990,4.669421487603306,2.4298285111472064,4.0
Dell 14 Plus ODB1425550901RINU11 AI Laptop,87990,1.1487603305785123,1.6756891160186316,6.5
Lenovo ThinkBook 16 G6 21KKA0J2IN Laptop,34485,1.322314049586777,1.786051716958635,8.0
Asus Chromebook CX1505CKA-S70179 Laptop,19990,1.0,1.6959200172504534,6.5
HP Victus 16-r1706TX Gaming Laptop,85990,7.218181818181819,2.682426213549294,4.0
Lenovo LOQ â15ARP9 83JC00GDIN AI Gaming Laptop,67990,4.371900826446281,2.5850343507451186,4.0
Lenovo LOQ â15IRX9 83DV00X8IN Gaming Laptop,100690,7.709090909090909,2.5577045348029976,4.0
Dell Inspiron 14 5440 INDINS5440N0-1 Laptop,36990,1.4958677685950414,1.8247041226653344,8.0
Asus Vivobook 16X K3605VC-RP412W Laptop,63890,6.801652892561983,2.4087042355288797,4.0
Acer Travel Lite TL14-42M Laptop,31800,1.322314049586777,1.8079394594223384,8.0
Asus Expertbook P1 14 P1403CVA-S60940WS Laptop,68990,6.206611570247934,1.8281716957021703,5.5
Lenovo 100e Chromebook Gen 4 82W00004HA Laptop,12999,1.0,1.6454106142220415,6.5
Asus Vivobook 16 X1605VA-MB1627WS Laptop,56890,6.206611570247934,1.706447895029377,5.5
Apple MacBook Air 2025 Laptop,115990,1.4462809917355373,1.2322265501819496,9.5
Asus Vivobook 14 2025 X1407CA-LY102WS Laptop,70990,2.7355371900826446,1.6121650555360867,8.0
HP Victus 15-fb3009AX Gaming Laptop,71990,3.2462809917355373,2.790128656878569,4.0
Acer Aspire 3 A311-45 UN.354SI.004 Laptop,15990,1.0,1.6766501823582896,6.5
Lenovo LOQ 15ARP9 83JC00EHIN Gaming Laptop,93190,5.279338842975207,2.6845012181704235,4.0
Apple MacBook Pro 16 Laptop,349900,1.1487603305785123,1.3036058773419352,9.5
Gigabyte G5 MF5-H2IN353KH Gaming Laptop,73700,7.218181818181819,2.7845433222564773,4.0
HP Victus 15-FA1411TX Gaming Laptop,74500,5.413223140495868,2.6145986772620735,4.0
Acer Aspire 7 A715-79G UN.34NSI.002 Gaming Laptop,54990,6.355371900826446,2.5861956125713865,4.0
HP Omen 16-xd0015AX Gaming Laptop,99000,4.788429752066116,2.5729333983677427,4.0
HP Pavilion Plus â16-ab0015TX Laptop (13th Gen Core i5/ 16GB/ 512GB SSD/ Win 11/ 6GB RTX3050 Graphics,86990,6.890909090909091,2.6835221725682117,4.0
Lenovo V15 G4 â83CR000VIN Laptop,42999,3.925619834710744,1.8703702337086896,8.0
Samsung Galaxy Book 4 Edge np750xqb-ka1in Laptop,64990,1.1487603305785123,1.8081585303672112,8.0
HP Omen 16-xf0060AX Gaming Laptop,105990,5.279338842975207,2.591794557919987,4.0
Apple MacBook Air 2022 Laptop,78990,2.884297520661157,1.2126117327215855,9.5
Lenovo 100e Chromebook Gen 4 82W1000DHA Laptop,37504,1.0,1.6722523336400514,6.5
Asus TUF Gaming A16 FA607NUG-RL189WS Gaming Laptop,91990,4.788429752066116,2.696285854678234,4.0
Dell Inspiron 14 5440 Laptop,34490,1.4958677685950414,1.6584359626896092,8.0
Acer Aspire 7 A715-79G UN.U2KSI.001 Gaming Laptop,72999,6.890909090909091,2.7535438915277552,4.0
MSI Crosshair 16 HX AI D2XWFKG Gaming Laptop,180990,4.966942148760331,2.5515356828053855,4.0
Asus Gaming V16 2025 V3607VH-RP038WS Laptop,114990,1.1487603305785123,2.4026452438638892,4.0
Acer 2025 Predator Helios Neo16S AI PHN16S-71 Gaming Laptop,154999,3.925619834710744,2.763037953700836,4.0
HP 15-fd1284TU Laptop,41499,1.0,1.7411623287526308,8.0
MSI Katana 15 HX B14WEK-438IN Gaming Laptop,114990,6.355371900826446,2.7207173144581978,4.0
Asus Vivobook 16X K3605VC-RP492WS Laptop,77990,6.801652892561983,2.4721255359049126,4.0
Acer Aspire Go 14 AG14-71M Laptop,59990,2.7355371900826446,1.8524279088782805,8.0
HP Victus 15-fa2309TX Gaming Laptop,104990,6.355371900826446,2.5495281200303053,4.0
Acer Aspire Lite AMD AL15-41 Laptop,44990,3.925619834710744,1.83455276172022,8.0
Acer Aspire Lite AMD AL15-41 Laptop,48990,3.925619834710744,1.8749856454778886,8.0
Asus ROG Strix G16 G615JHR-S5005WS Gaming Laptop,159990,6.355371900826446,2.7757805422499,4.0
Colorful Evol P15 23-HE55D16512A-W-IND Gaming Laptop,59990,5.829752066115702,2.7656607459496017,4.0
Lenovo LOQ 2024 83GS003NIN Gaming Laptop,67999,5.502479338842975,2.761289717916451,4.0
Acer Aspire 3 A324-51 Laptop,30490,1.3471074380165289,1.6509705236519006,8.0
Lenovo LOQ 83DV007GIN Gaming Laptop,81490,7.218181818181819,2.6973362342534473,4.0
Infinix GT Book GL613 Gaming Laptop,53990,5.502479338842975,2.4741123785796186,4.0
Xiaomi Redmi G Pro 2024 Gaming Laptop,102990,7.709090909090909,2.7208692059905877,4.0
Asus TUF Gaming F15 FX506HF-HN075W Gaming Laptop,48990,4.966942148760331,2.542187506448865,4.0
Apple MacBook Air 2022 Laptop,82990,2.884297520661157,1.2862491139079268,9.5
Lenovo IdeaPad Flex 5 14ABR8 82XX00G3IN Laptop,62490,3.925619834710744,1.7871757205075889,8.0
Acer Swift Neo AI SFN14-54H OLED Laptop,68990,3.7768595041322315,1.7135203311841574,8.0
Acer Swift Neo AI SFN14-54H Laptop,65990,3.7768595041322315,1.7169237957787173,8.0
Samsung Galaxy Book 4 NP750XGK-LS4IN Laptop,39990,1.1487603305785123,1.6721064784129522,8.0
MSI Crosshair 16 HX AI D2XWFKG-068IN Gaming Laptop,147990,3.925619834710744,2.752086601309176,4.0
Lenovo IdeaPad Slim 3 15IAH8 83ER00KSIN Laptop,64999,4.818181818181818,1.622645047848491,5.5
Lenovo IdeaPad Slim 3 82XM00UGIN Laptop,39990,2.7107438016528924,1.7480725422538042,8.0
Asus ROG Strix G16 G615LM-S5128WS Gaming Laptop,189990,4.966942148760331,2.42711554006157,4.0
Asus TUF Gaming F16 FX677VU-RL055WS Laptop,84990,2.0115702479338844,2.773992218195707,4.0
HP 15-fc1039AU Laptop,44990,2.7107438016528924,1.89575280646052,5.5
Lenovo LOQ ââ15IAX9E 83LK0032IN âAI Gaming Laptop,58990,4.966942148760331,2.756458294732582,4.0
Acer Swift Neo OLED AI SFN14-54H Laptop,54990,2.7355371900826446,1.7344016607222046,8.0
HP Victus 15-fb3118AX Gaming Laptop,82995,4.788429752066116,2.6966803542347697,4.0
HP 15-fc0476AU Laptop,48990,3.925619834710744,1.6545439935644513,8.0
HP Victus 15-fb0184AXGaming Laptop,48500,2.7107438016528924,2.603353149829997,4.0
Microsoft Surface Pro 12 Laptop,67990,1.1487603305785123,1.8825264115665648,8.0
HP 15-fd1255TU Laptop,68990,2.7355371900826446,1.604055298019427,8.0
Acer Aspire Lite AL15-41 UN.31ZSI.039 Laptop,42990,2.7107438016528924,1.7603940857465228,8.0
Asus Expertbook P1 P1503CVA-S70501WS Laptop,34990,1.3471074380165289,1.7511259363814125,8.0
Motorola Motobook 60 83J70008IN Laptop,67990,1.0,1.8456611215395013,5.5
Motorola Motobook 60 83J7000DIN Laptop,71990,1.0,1.8309455497710347,5.5
HP 14-gr0002TU Laptop,58450,2.884297520661157,1.6359811049764652,8.0
HP OmniBook X Flip 14-fm0058TU Next Gen AI PC Laptop,100099,2.884297520661157,1.8051856534167663,8.0
Asus TUF Gaming A15 FA507NVR-LP204WS Laptop,99990,5.279338842975207,2.5292319343266207,4.0
HP 255 G10 ââB69V0PT#ACJ Laptop,22413,1.0,1.727123267711954,8.0
Lenovo Legion 5 15IRX9 83JJ0010IN Gaming Laptop,122990,7.709090909090909,2.593371489157112,4.0
Samsung Galaxy Book 5 360 NP750QHA-LG2IN Laptop,113199,3.925619834710744,1.664235047997919,8.0
Samsung Galaxy Book 5 Pro 360 np960qha-kg4in Laptop,177199,3.925619834710744,1.6947789420077313,8.0
Acer ALG âAL15G-53 15 Gaming Laptop,62990,6.890909090909091,2.4974594630667077,4.0
Apple MacBook Air M4 2025 15 Laptop,159990,1.4462809917355373,1.333074497809129,9.5
HP Pavilion AI 14-ew1112TU Laptop,78790,2.884297520661157,1.6565301643015757,8.0
HP Victus 15-fa2703TX Gaming Laptop,62990,6.355371900826446,2.6403941644635314,4.0
Asus Zenbook 14 OLED 2025 UX3405CA-PZ348WS Laptop,117990,3.7768595041322315,1.807306313505799,8.0
Asus Vivobook 16 2025 X1607CA-MB142WS Laptop,68990,2.884297520661157,1.768893908829168,8.0
HP 255 G10 Laptop,31790,2.7107438016528924,1.8528872069530102,8.0
Asus Vivobook 15 X1502VA-BQ836WS Laptop,56990,6.206611570247934,1.8478981380116404,5.5
Lenovo LOQ â15IRX9 83DV00XCIN Gaming Laptop,77490,6.890909090909091,2.7953545094683125,4.0
HP Victus 16-wf1150TX Gaming Laptop,119990,7.709090909090909,2.642160317109604,4.0
Acer Nitro V ANV15-41 NH.QPFSI.006 Gaming Laptop,59850,3.2462809917355373,2.546373673096676,4.0
Acer Aspire Lite AL15-53 Laptop,31990,1.4958677685950414,1.6541079416860207,8.0
Apple MacBook Pro 14 2024 Laptop,162990,1.1487603305785123,1.3065410211207036,9.5
HP 15-fd0489TU Laptop,34499,1.3471074380165289,1.7251112025784665,8.0
Asus Vivobook S14 2025 S3407VA-LY037WS Laptop,58990,6.206611570247934,1.7850157952776513,5.5
Asus Expertbook P1 P1503CVA-S70501WS Laptop,32990,1.3471074380165289,1.8033268145817631,8.0
HP Omen 16-wf0262TX Gaming Laptop,135990,8.363636363636363,2.420321122757423,4.0
Motorola Motobook 60 83J70008IN Laptop,62990,1.0,1.791275995133246,5.5
Lenovo IdeaPad Slim 5 13ARP10 83J2003NIN Laptop,62490,3.925619834710744,1.775885434591811,5.5
Asus TUF Gaming A15 FA507NVR-LP204WS Laptop,94990,5.279338842975207,2.585073049633088,4.0
HP 255 G10 ââB69V0PT#ACJ Laptop,22358,1.0,1.6287817423287367,8.0
Acer ALG âAL15G-53 15 Gaming Laptop,61999,6.890909090909091,2.6830854643627475,4.0
HP Victus 15-fa2700TX Gaming Laptop,69990,6.890909090909091,2.5406130256922683,4.0
Asus Vivobook 16 X1605VA-MB9946WS Laptop,70000,6.355371900826446,1.6607232707651964,5.5
Acer Aspire 3 A311-45 UN.354SI.006 Laptop,14990,1.0,1.7330051590433229,6.5
Acer Aspire Lite AL15-53 Laptop,30087,1.4958677685950414,1.8272160350192386,8.0
Lenovo ThinkPad E14 21JRS0H200 Laptop,58000,2.7107438016528924,1.8545683621946498,8.0
MSI Thin A15 B7UC-611IN Gaming Laptop,69990,3.15702479338843,2.6543689435714795,4.0
Acer Aspire Lite AL15-53 Laptop,31199,1.4958677685950414,1.6107559938557956,8.0
Lenovo IdeaPad 3 14IAU7 82RJ00FUIN Laptop,32990,1.3471074380165289,1.6347325581633882,8.0
Acer Nitro V 16 ANV16-71 NH.QTNSI.002 Gaming Laptop,94990,7.218181818181819,2.5753124431267143,4.0
Asus TUF Gaming A15 FA566NFR-HN045WS Laptop,56750,3.925619834710744,2.739841970365,4.0
Acer ALG âAL15G-53 Gaming Laptop,69999,6.890909090909091,2.4561565827721132,4.0
HP Victus 15-FA1411TX Gaming Laptop,67990,5.413223140495868,2.5153747066154564,4.0
HP Pavilion 16 AI 16-ag0019AU Laptop,55990,2.7107438016528924,1.6525012238286796,8.0
Dell 15 Vostro 3520 Laptop,32990,1.4958677685950414,1.6496562474302714,8.0
Thomson Neo 15 IN-N15I312-8GR512 Laptop,23048,1.3471074380165289,1.8954662759260061,8.0
HP 15s-fc0156AU Laptop,40990,2.7107438016528924,1.6248796435297344,8.0
Thomson Neo 15 IN-N15I Laptop,31608,2.7355371900826446,1.7621250785983484,8.0
Lenovo LOQ 15ARP9 83JC0031IN Gaming Laptop,63990,3.2462809917355373,2.6112112400590934,4.0
HP Victus 15-fb2114AX Gaming Laptop,84490,4.788429752066116,2.430909088240007,4.0
Avita Liber E AM14A2INF56F Laptop,27019,2.7355371900826446,1.8235727919960831,8.0
Asus TUF Gaming A15 2024 FA507UV-LP136WS Gaming Laptop,115990,5.279338842975207,2.609720538128876,4.0
Asus TUF Gaming F15 FX507VV-LP287W Gaming Laptop,99990,7.709090909090909,2.505208552779835,4.0
MSI Prestige 14 AI Studio C1UDXG-030IN Laptop,104990,4.461157024793389,2.59712251917354,4.0
HP Omen 16-xd0020AX Gaming Laptop,103490,5.279338842975207,2.5785856077913785,4.0
HP Victus 15-FA1279TX Gaming Laptop,73990,7.218181818181819,2.656542164372855,4.0
Asus Chromebook CX1405CKA-S60343 Laptop,13990,1.0,1.6462241404856475,6.5
Asus Vivobook 16 X1605ZAC-MB742WS Laptop,54990,4.966942148760331,1.6420209342500536,5.5
Asus Chromebook CX1405CKA-S60342 Laptop,12990,1.0,1.768174011082881,6.5
Acer Predator Helios Neo 16 2024 âPHN16-72 Gaming Laptop,124990,7.218181818181819,2.4197615418097125,4.0
HP Chromebook 11MK G9 EE Laptop,11890,1.1487603305785123,1.6152943689507402,6.5
Lenovo ThinkBook 16 G6 21KKA07RIN Laptop,46760,2.7107438016528924,1.7505798398086578,8.0
Acer Predator Helios 16 âPH16-72 NH.QNXSI.003 Gaming Laptop,169790,8.363636363636363,2.5090922613868605,4.0
Acer Aspire Lite AL15-41 Laptop,29990,1.322314049586777,1.741508225590547,8.0
Lenovo V15 83CC0059IN Laptop,45569,6.206611570247934,1.6062888531388753,5.5
HP Victus 15-fa1134TX Laptop,106550,5.829752066115702,2.613766677103183,4.0
HP Victus15-fb0147AX Gaming Laptop,47961,2.7107438016528924,2.493445886883049,4.0
Apple MacBook Air 2024 Laptop,85994,3.87603305785124,1.376454173177918,9.5
Asus Vivobook 15 2023 X1504VA-NJ543WS Laptop,47990,2.7355371900826446,1.7916601258115852,8.0
Dell Inspiron 15 3530 Laptop,34990,1.3471074380165289,1.8865404087545528,8.0
Acer Aspire 5 A514-56GM Gaming Laptop,59990,4.272727272727273,2.7876578517392367,4.0
HP 255 G9 7B1L8PA Laptop,31990,2.7107438016528924,1.661785004740263,8.0
Asus Vivobook Go 15 OLED 2023 E1504FA-LK322WS Laptop,34990,1.322314049586777,1.7000648980829145,8.0
Huawei MateBook D14 Laptop,43219,3.578512396694215,1.8545984582917394,8.0
HP Pavilion 15s-eq2182AU Laptop,35990,2.7107438016528924,1.6604282848977674,8.0
HP 255 G8 62Y30PA Laptop,28990,2.7107438016528924,1.7940220840179015,8.0
MSI Thin A15 B7UC-610IN Gaming Laptop,77990,4.371900826446281,2.5537578239321452,4.0
HP Victus 15-fb3122AX Gaming Laptop,58990,3.925619834710744,2.4005106330151893,4.0
HP 15-fc0552AU Laptop,30499,1.322314049586777,1.8955038724827837,8.0
Lenovo LOQ 15ARP9 83JC00K1IN Gaming Laptop,65490,3.2462809917355373,2.5343354701169782,4.0
MSI Katana 15 HX B14WFK-262IN Gaming Laptop,127990,6.355371900826446,2.4147822839492483,4.0
Asus Chromebook CX1505CKA-S70182 Laptop,23990,1.0,1.8607731198056876,6.5
HP Victus 15-fb3130AX Gaming Laptop,78990,4.788429752066116,2.6330969122105103,4.0
Lenovo IdeaPad Slim 3 15IAH8 83ER00MDIN Laptop,51999,4.818181818181818,1.8040614506423862,5.5
MSI Raider 18 HX AI A2XWJG-253IN Gaming Laptop,519990,6.355371900826446,2.728452047674751,4.0
Lenovo IdeaPad Slim 3 15IAH8 83ER00MCIN Laptop,49180,4.818181818181818,1.7532842801691926,5.5
MSI Modern 14 C13M-1424IN Laptop,36990,1.3471074380165289,1.734116114238249,8.0
Lenovo IdeaPad Slim 3 83K100PLIN Laptop,62990,6.206611570247934,1.8117785051937216,5.5
MSI Katana 15 B13UDXK Gaming Laptop,72990,6.890909090909091,2.6886251990122028,4.0
HP Pavilion 16-af0069TU Laptop,69999,2.7355371900826446,1.8230164311523067,8.0
Lenovo Ideapad Slim 5 15ARP10 83J2004HIN Laptop,58190,2.56198347107438,1.6361923239944707,5.5
Acer Nitro Lite NL16-71G NH.D59SI.002 Gaming Laptop,79999,6.890909090909091,2.7578841377516725,4.0
HP 15-fd0691TU Laptop,35999,1.3471074380165289,1.7175838590294465,8.0
Acer AspireGo 14 AG14-71M Laptop,61999,2.7355371900826446,1.7797643459277774,8.0
HP 15-fd1284TU Laptop,38499,1.0,1.894574865789171,8.0
HP Omen 16 Max 16-ah0189TX Gaming Laptop,367990,4.966942148760331,2.658674279632943,4.0
Lenovo IdeaPad Slim 5 14IRH10 83HR009NIN Laptop,83990,6.206611570247934,1.798339469671791,5.5
Dell 15 Vostro 3530 Laptop,40890,1.3471074380165289,1.8514357664548742,8.0
Asus Vivobook 16 2025 M1607KA-MB134WS Laptop,69990,1.1487603305785123,1.644037892265669,6.5
Asus Vivobook 15 X1502VA-BQ1299WS Laptop,65799,6.355371900826446,1.712625656863517,5.5
Lenovo LOQ 15IRX9 83DV014SIN AI Gaming Laptop,72990,6.801652892561983,2.414740228996619,4.0
Lenovo ThinkPad E14 Gen 6 21M7S0T000 Laptop,60528,2.7355371900826446,1.8860036813643661,8.0
HP OmniBook 3 14-ha0000AU Laptop,66990,1.1487603305785123,1.7255915401970108,6.5
Acer Aspire Lite AMD AL15-41 Laptop,46999,3.925619834710744,1.6763309695015205,8.0
HP OmniBook 5 Next Gen AI 14-he0015QU Laptop,71990,1.1487603305785123,1.7009527489946048,8.0
HP 15-fd0588TU Laptop,59990,2.7355371900826446,1.8804788138391282,8.0
MSI Modern 15 H AI C2HMG-233IN Laptop,92990,3.925619834710744,1.7365952344776594,8.0
Asus Vivobook S16 S3607CA-RP090WS Laptop,88990,3.925619834710744,1.6748601870358477,8.0
Asus Vivobook S16 S3607VA-RP083WS Laptop,68990,6.355371900826446,1.846788474745465,5.5
Asus Vivobook 14 2025 S3407CA-LY057WS Laptop,75990,2.7355371900826446,1.8989254204394796,8.0
Asus Vivobook 14 S3407CA-LY084WS Laptop,85990,3.7768595041322315,1.8224933312571727,8.0
Asus Vivobook 15 M1502YA-BQ703WS Laptop,45990,3.925619834710744,1.7518821322074791,8.0
Lenovo IdeaPad Slim 3 82XM00UGIN Laptop,39190,2.7107438016528924,1.6415397432128667,8.0
Asus TUF Gaming F16 FX688JPR-QT043WS Laptop,179990,6.355371900826446,2.535600563101827,4.0
HP 15-fd0515TU Laptop,64900,4.12396694214876,1.7212173149452066,8.0
Asus Vivobook 15 X1504VA-NJ2218WS Laptop,47989,2.7355371900826446,1.7479325101359828,8.0
Xiaomi Redmi Book 14 2025 Laptop,44999,3.925619834710744,1.7202836578102474,5.5
Lenovo Yoga 7 2-in-1 83JQ000NIN Laptop,135990,3.7768595041322315,1.791069496103882,8.0
Acer Aspire 15 AS15-42 UN.35MSI.004 Laptop,37990,2.7107438016528924,1.8586214124335192,8.0
HP Victus 15-fa2077TX Gaming Laptop,87990,6.890909090909091,2.6265962288591442,4.0
Acer Travel Lite TL14-42M 14 Laptop,67990,3.925619834710744,1.8009665942395434,8.0
HP 15-fd0577TU Laptop,53990,2.7355371900826446,1.680700952790282,8.0
HP 15-fd0575TU Laptop,49980,2.7355371900826446,1.8229107392721364,8.0
Asus ROG Zephyrus G16 GU605CW-QR133WS Gaming Laptop,359990,4.966942148760331,2.4973436475529183,4.0
Acer Aspire Lite AL15-41 UN.31ZSI.039 Laptop,37990,2.7107438016528924,1.783950942463812,8.0
Asus TUF Gaming F16 FX677VU-RL155WS Laptop,94990,7.218181818181819,2.538446368033748,4.0
Lenovo IdeaPad Slim 5 14AKP10 2025 83HX001NIN Laptop,81990,1.1487603305785123,1.6023035514687165,6.5
Asus Vivobook S14 2025 S3407VA-LY040WS Laptop,68990,6.206611570247934,1.6873588395313273,5.5
ASUS Vivobook S14 Flip 2025 TP3402VAO-LZ612WS Laptop,62990,6.206611570247934,1.7436471982738488,5.5
Asus Expertbook P5 P5405CSA-NZ0215WS Laptop,110990,3.7768595041322315,1.6598166003625145,8.0
Asus Expertbook P1 14 P1403CVA-S60343WS Laptop,34990,1.3471074380165289,1.8693051118820714,8.0
Lenovo LOQ 15IRX9 83DV00Y8IN Gaming Laptop,81490,7.218181818181819,2.5220893290396793,4.0
Lenovo 100e Chromebook Gen 4 82W0001DHAS Laptop,10999,1.0,1.8804987942241889,6.5
HP Victus 15-fb3011AX Gaming Laptop,64490,3.2462809917355373,2.7673706282158204,4.0
HP OmniBook X Flip 14-fm0058TU Next Gen AI PC Laptop,99990,2.884297520661157,1.6252142192323231,8.0
HP OmniBook 5 Next Gen AI 16-ag1048AU Laptop,79490,1.1487603305785123,1.6997259708902448,6.5
HP 14-em0214AU Laptop,43999,2.7107438016528924,1.8407497186570523,8.0
Xiaomi Redmi Book 14 Refreshed Edition Laptop,40990,6.355371900826446,1.7876335949605486,5.5
Asus TUF Gaming A15 FA566NCR-HN254WS Laptop,64999,4.371900826446281,2.7121216864324085,4.0
Asus TUF Gaming F16 FX607VB-RL087WS Laptop,69990,1.5950413223140496,2.587227920606992,4.0
Asus Vivobook Go 15 E1504FA-NJ131WS Laptop,30700,1.1735537190082646,1.8740100130930721,8.0
Samsung Galaxy Book 5 360 np750qha-lg1in Laptop,105999,2.884297520661157,1.8743808306367309,8.0
Samsung Galaxy Book 5 Pro 360 np960qha-kg4in Laptop,175199,3.925619834710744,1.8005399397334123,8.0
Samsung Galaxy Book 5 360 NP750QHA-LG2IN Laptop,109199,3.925619834710744,1.704461001420207,8.0
Lenovo LOQ 2024 15IRX9 83DV00X4IN Gaming Laptop,81990,7.218181818181819,2.6006581139133442,4.0
Apple MacBook Air 2025 15 Laptop,139990,1.4462809917355373,1.2352613341332614,9.5
Apple MacBook Air 15 2025 Laptop,120990,1.4462809917355373,1.3756140262403804,9.5
Asus Vivobook 15 X1504VA-NJ2325WS Laptop,35989,1.3471074380165289,1.725731536786756,8.0
Asus Vivobook Go 14 E1404FA-NK5542WS Laptop,39990,2.7107438016528924,1.7557519401706754,8.0
Lenovo ThinkPad E14 21JRS0JH00 Laptop,46990,2.7107438016528924,1.761520228414307,8.0
HP 15-fd0492TU Laptop,52999,2.884297520661157,1.7044480873168337,8.0
Asus Zenbook 14 OLED 2025 UX3405CA-PZ162WS Laptop,97990,2.7355371900826446,1.8783089046874912,8.0
Acer Aspire 3 A324-53 UN.34RSI.00B Laptop,27990,1.3471074380165289,1.7630806781560224,8.0
ASUS TUF Gaming A18 2025 Laptop,199990,3.925619834710744,2.570983040082362,4.0
HP 255 G10 B1FW9PT Laptop,27104,1.322314049586777,1.7302225581392903,8.0
Acer Aspire 3 A324-53 UN.34RSI.004 Laptop,44990,2.7355371900826446,1.7141627614679764,8.0
Apple 2024 MacBook Air 15 Laptop,104994,3.578512396694215,1.31666325133347,9.5
Apple MacBook Pro 16 Laptop,279990,1.1487603305785123,1.2276185147419898,9.5
Infinix Inbook Air Pro Plus XL434 Laptop,49990,2.7355371900826446,1.8052240090334961,8.0
Acer Aspire 3 A324-53 UN.34RSI.002 Laptop,29990,1.3471074380165289,1.7160081054489174,8.0
Lenovo Ideapad Slim 5x Gen 9 14Q8X9 83HL0035IN Laptop,68990,1.1487603305785123,1.7044331405711826,8.0
Lenovo IdeaPad Slim 5 83DC007LIN Laptop,67990,2.884297520661157,1.6762368211843188,8.0
Acer Aspire 3 15 A325-42 Laptop,36990,2.7107438016528924,1.758152492291322,8.0
Asus Vivobook 16X K3605ZC-RP587WS Laptop,64662,5.413223140495868,2.6609344551975025,4.0
Asus Vivobook 16X K3605ZF-RP258WS Laptop,71990,4.966942148760331,2.7899373920384956,4.0
Asus Vivobook S 15 OLED S5507QA-MA551WS Laptop,71990,1.1487603305785123,1.8922577881333373,8.0
HP Victus 15-fa1278TX Gaming Laptop,75775,7.218181818181819,2.6114492881797187,4.0
Infinix INBook Y3 Max YL613 Laptop,39990,4.12396694214876,1.7083275594683842,8.0
Acer Aspire 7 A715-79G UN.34NSI.001 Gaming Laptop,52990,6.355371900826446,2.4656951458061958,4.0
Lenovo V15 G4 â83CQ0006IN Laptop,27980,1.1735537190082646,1.707071392401006,8.0
Lenovo LOQ 2024 83GS0098IN Gaming Laptop,69900,5.502479338842975,2.7626436835412846,4.0
Huawei MateBook GT 14 Laptop,127990,4.966942148760331,1.7058842911349577,8.0
Lenovo Yoga Book 9 83FF0034IN Laptop,239990,3.7768595041322315,1.729666315567009,8.0
HP Victus Special Edition 15-fa1382TX Gaming Laptop,68990,5.413223140495868,2.511952562700516,4.0
HP Victus 15-fa1388TX Gaming Laptop,64999,5.413223140495868,2.4889726506837904,4.0
Air Falcon Series 14ADL5 laptop,27353,2.7355371900826446,1.823449705626488,8.0
Lenovo IdeaPad 3 14IAU7 82RJ00FFIN Laptop,35475,1.3471074380165289,1.884840914745157,8.0
Colorful Evol P15 Gaming Laptop,89990,7.709090909090909,2.7839881733889924,4.0
Lenovo LOQ 15ARP9 83JC0046IN Gaming Laptop,103990,5.279338842975207,2.4808321958083113,4.0
Gigabyte G5 KF5-H3IN353SH Laptop,84750,7.709090909090909,2.7178461014727904,4.0
MSI Katana A17 AI B8VE-884IN Gaming Laptop,97990,6.176859504132231,2.5183347258656177,4.0
Gigabyte G6 KF-H3IN853SH Laptop,85234,7.709090909090909,2.688597605680698,4.0
Lenovo LOQ 15ARP9 83JC0045IN Gaming Laptop,81490,4.788429752066116,2.599900920620415,4.0
Asus TUF Gaming A15 FA506NCR-HN054W Laptop,63990,4.371900826446281,2.412630588500762,4.0
HP Victus 15-fb2117AX Gaming Laptop,99990,4.788429752066116,2.557197448134438,4.0
Asus Vivobook S 15 OLED 2024 S5507QAD-MA751WS Laptop,84938,1.1487603305785123,1.6031923014041385,8.0
MSI Katana A15 AI B8VF-447IN Gaming Laptop,116990,6.667768595041322,2.4787666584786057,4.0
MSI Modern 14 C12MO-1202IN Laptop,45222,4.12396694214876,1.6372175691674147,8.0
HP Omen 16-wd0011tx Gaming Laptop,109990,7.218181818181819,2.460400450764739,4.0
Samsung Galaxy Book 4 np750xgk-lg3in Laptop,68600,1.1487603305785123,1.8377535353331305,8.0
Asus ProArt P16 2024 Laptop,199990,3.15702479338843,2.561202090996308,4.0
Asus ROG Zephyrus G14 GA403UV-QS085WS Gaming Laptop,149990,6.667768595041322,2.7447745299645936,4.0
HP Victus 15-fa1351TX Gaming Laptop,59190,4.966942148760331,2.780561083249621,4.0
Lenovo LOQ 2024 â15AHP9 83DX0006IN Gaming Laptop,89990,4.788429752066116,2.7938372348959306,4.0
HP Omen 16-wf0148TX Gaming Laptop,129990,7.709090909090909,2.786638326122957,4.0
Infinix INBook X3 Slim XL422 Laptop,32990,4.12396694214876,1.7524112105054295,8.0
MSI Cyborg 15 A12UDX-1049IN Gaming Laptop,67990,5.502479338842975,2.726439633682493,4.0
Asus ROG Strix G16 2023 G614JIR-N4062WS Gaming Laptop,199990,8.363636363636363,2.525191661483906,4.0
Dell G15 5530 Gaming Laptop,135990,7.709090909090909,2.5688306564279566,4.0
Asus Vivobook 16 X1605ZAC-MB540WS Laptop,52499,4.966942148760331,1.784408037022421,5.5
MSI Sword 16 HX B14VEKG-210IN Gaming Laptop,102990,7.218181818181819,2.410680818334158,4.0
Acer Nitro V ANV15-41 NH.QPFSI.003 Gaming Laptop,72990,4.461157024793389,2.658389006004746,4.0
Lenovo ThinkBook 15 G5 21JFA02KIN Laptop,54939,2.7107438016528924,1.6525678205176897,8.0
Huawei MateBook X Pro 2024 Laptop,188990,4.966942148760331,1.7508855800626337,8.0
Microsoft Surface Pro10 Laptop,199990,3.925619834710744,1.7852937704749539,8.0
Asus Vivobook 16X 2023 K3605ZC-MBN544WS Laptop,65990,5.413223140495868,2.5967151276242744,4.0
Ultimus Pro NU14U5INC43BN-SG Laptop,11990,1.0,1.673876597202111,6.5
Acer Predator Helios 16 âPH16-72 NH.QNZSI.002 Gaming Laptop,239990,8.735537190082646,2.4743089566039376,4.0
Acer Aspire Lite AL15-41 Laptop,39990,3.925619834710744,1.634585724760246,8.0
MSI Cyborg 15 AI A1VEK-051IN Gaming Laptop,77154,3.747107438016529,2.43884987209092,4.0
MSI Thin A15 AI B7UC-067IN Gaming Laptop,59990,3.15702479338843,2.4387798318739002,4.0
MSI Modern 15 C13M-080IN Laptop,57990,6.206611570247934,1.770304387940497,5.5
MSI Modern 14 D13MG-071IN Laptop,69990,6.206611570247934,1.7213301688283762,5.5
HP Omen 16-xf0081AX Gaming Laptop,135999,5.279338842975207,2.5715484119371586,4.0
Dell G15-5530 GN5530194YM001ORB1 Gaming Laptop,95490,6.890909090909091,2.5003346379430615,4.0
Lenovo ThinkBook 14 21KG00AFIN Laptop,39990,1.4958677685950414,1.7181073398302733,8.0
Acer Aspire Lite AL15-52 2023 Laptop,43990,2.884297520661157,1.6101010951548527,8.0
Lenovo Yoga 7 82YL0099IN Laptop,109990,4.272727272727273,1.7709370574543017,5.5
Lenovo IdeaPad 5 Pro 82SN00F0IN Gaming Laptop,62333,4.371900826446281,2.5601065643601646,4.0
Dell Vostro 3525 Laptop,32583,2.7107438016528924,1.8708225768383042,8.0
Dell Inspiron 3520 15 Laptop,42990,2.884297520661157,1.8177373702463304,8.0
HP Victus 15-fb0147AX Gaming Laptop,50660,2.7107438016528924,2.6713226607067235,4.0
HP 250 G9 7M659PA Laptop,35390,1.3471074380165289,1.7013833897280084,8.0
Infinix INBook X3 Slim Series XL422 Laptop,39990,4.12396694214876,1.8302053305656474,8.0
Asus TUF Gaming F15 FX577ZC-HN192W Gaming Laptop,78990,5.413223140495868,2.7466589816432414,4.0
Lenovo LOQ 15IRH8 82XV00F7IN 2023 Gaming Laptop,82990,6.3206611570247935,2.614608970013877,4.0
Dell XPS 15 9530 Laptop,154794,7.218181818181819,2.417081044757984,4.0
HP Omen 16-wd0880TX Gaming Laptop,84990,7.218181818181819,2.7839633310927114,4.0
Infinix Zerobook 2023 Laptop,86133,6.206611570247934,1.8754078217803718,5.5
âHP Zbook Power G4-A Laptop,66484,3.925619834710744,1.883216267037736,5.5
MSI Modern 14 C7M-218IN Laptop,50990,3.925619834710744,1.7286306653939878,8.0
HP Pavilion 15-EH3101AU Laptop,55990,3.925619834710744,1.8795063392560858,8.0
Dell Inspiron 3530 Laptop,47400,2.7355371900826446,1.7820295774623711,8.0
Acer Aspire 7 A715-76G NH.QMFSI.004 Gaming Laptop,54990,4.966942148760331,1.840526908842804,5.5
HP Pavilion 15-eg3081TU Laptop,63990,2.7355371900826446,1.8444167615291107,5.5
Acer Predator Helios Neo 16 PHN16-71 Laptop,97990,7.218181818181819,2.6302148093898636,4.0
Asus Vivobook S15 OLED 2023 S5504VA-MA543WS Laptop,78990,6.206611570247934,1.84545792175512,5.5
HP Pavilion x360 14-ek1010TU Laptop,73490,2.7355371900826446,1.7082761976831375,8.0
Dell Vostro 3420 Laptop,51490,2.884297520661157,1.7093581306057064,8.0
Ultimus S152 NU15U2INC44VN-SG Laptop,14619,1.0,1.6136799777920348,6.5
HP Victus 15-fa0165TX Laptop,74800,4.966942148760331,1.6221466410754337,5.5
Dell Precision 5550 Laptop,184999,3.578512396694215,1.8829776635662951,5.5
Asus Vivobook S16 2025 S3607QA-SH074WS Laptop,79990,1.1487603305785123,1.8323165754011481,8.0
Lenovo Thinkpad P16v 21KX002GUS Laptop,299999,4.966942148760331,2.5516994901863725,4.0
HP Victus 15-fb3123AX Gaming Laptop,62490,3.925619834710744,2.432146686272252,4.0
Acer Travel Lite 14 TL14-52M Laptop,82786,4.272727272727273,1.703911419253966,8.0
MSI Thin 15 B13UC-125IN Gaming Laptop,65990,6.801652892561983,2.5952878432699027,4.0
MSI Thin 15 B13UC-124IN Gaming Laptop,72990,6.801652892561983,2.5946409998469835,4.0
HP 15-fd0549TU Laptop,55990,2.7355371900826446,1.6256281495286264,8.0
Acer Nitro V ANV15-52 NH.QZ9SI.001 Gaming Laptop,99999,6.890909090909091,2.421792790668399,4.0
Asus Vivobook 14 2025 X1404VAP-EB542WS Laptop,49990,1.0,1.7313822233799805,8.0
MSI Vector 16 HX AI A2XWIG-442IN Gaming Laptop,289990,4.966942148760331,2.50437278950841,4.0
HP Envy x360 14-fc0125TU Laptop,103750,3.7768595041322315,1.6958253559525083,8.0
Lenovo ThinkBook 16 21MWA0AJIN Laptop,44572,2.7107438016528924,1.7394830877549623,5.5
MSI Katana 15 HX B14WGK-256IN Gaming Laptop,159990,6.355371900826446,2.7267325005194176,4.0
HP 16-FD0640TU Laptop,58990,1.1487603305785123,1.8605575937601455,8.0
Acer Travel Lite TL14-52M Laptop,47199,2.7355371900826446,1.892007011923059,8.0
Lenovo IdeaPad Slim 3 14IRU8 82X60062IN Laptop,37490,1.3471074380165289,1.606879733148961,8.0
MSI Crosshair A16 D8WFKG-036IN Gaming Laptop,159990,3.925619834710744,2.6449733234249475,4.0
HP Victus 15-fb3124AX Gaming Laptop,81990,4.788429752066116,2.6132655742090036,4.0
Acer Swift Neo OLED AI SFN14-54H UN.35GSI.004 Laptop,85900,2.7355371900826446,1.7383890895316316,8.0
Alienware Area-51 Gaming Laptop,534982,4.966942148760331,2.714072778420468,4.0
MSI Vector 17 HX AI A2XWHG-085IN Gaming Laptop,259990,4.966942148760331,2.4738685089505847,4.0
HP Victus 15-fa2192TX Gaming Laptop,65990,6.801652892561983,2.7409515330223657,4.0
MSI Katana 15 B2RVEK-2427IN Gaming Laptop,97990,2.0115702479338844,2.404506735255772,4.0
Lenovo Yoga Slim 7 83CV008XIN Laptop,104990,3.7768595041322315,1.8104493972208715,8.0
Lenovo IdeaPad Slim 3 15ABR8 82XM0119IN Laptop,38990,2.7107438016528924,1.6932886165982777,8.0
Lenovo IdeaPad Slim 3 15ABR8 82XM0116IN Laptop,35990,2.7107438016528924,1.8947125281023194,8.0
Lenovo LOQ ââ15IAX9E 83LK00AUIN âAI Gaming Laptop,60990,5.413223140495868,2.7262674295534737,4.0
Acer Predator Helios Neo16S NH.QXASI.003 PHN16S-71 Gaming Laptop,209999,4.966942148760331,2.6612223993885347,4.0
Asus TUF Gaming A15 FA506NCG-HN251WS Laptop,79499,4.371900826446281,2.7784532238734982,4.0
Asus TUF Gaming A15 FA506NCG-HN250W Laptop,78990,4.371900826446281,2.405189250167524,4.0
HP Omen 16-ap0165AX Gaming Laptop,137990,1.1487603305785123,2.5022418749050903,4.0
Acer Predator Helios Neo16S NH.QXASI.002 PHN16S-71 Gaming Laptop,204999,4.966942148760331,2.568746998447216,4.0
Lenovo Yoga 7 2-in-1 ââ14AKP10 83JR001EIN Laptop,102990,1.0,1.8831004903230626,6.5
Lenovo Yoga Slim 9 14ILL10 83CX002LIN Laptop,199990,3.7768595041322315,1.6715102733089344,8.0
Alienware 18 Area-51 Gaming Laptop,459627,4.966942148760331,2.5594578233424916,4.0
Lenovo IdeaPad Slim 3 14IRH10 83K00034IN Laptop,56990,6.355371900826446,1.6463420978457843,5.5
HP Victus 16-r1707TX Gaming Laptop,79990,6.890909090909091,2.4934036974052884,4.0
Lenovo IdeaPad Slim 3 83K4004UIN Laptop,60990,1.0,1.762362566742202,5.5
Lenovo LOQ 15IRX9 83DV018NIN Gaming Laptop,75490,6.890909090909091,2.4575546696240034,4.0
Asus Vivobook 14 X1407QA-LY038WS Laptop,57990,1.1487603305785123,1.617842342616454,8.0
MSI Crosshair A16 HX D8WFKG-035IN Gaming Laptop,159990,5.31404958677686,2.614442020482485,4.0
MSI Vector 16 HX AI A2XWIG-226IN Gaming Laptop,299990,4.966942148760331,2.5133481222391496,4.0
HP Victus 15-fb3185AX Gaming Laptop,102990,3.925619834710744,2.6980912199421554,4.0
Lenovo IdeaPad Slim 3 15Q8X10 83N30020IN Laptop,61790,1.1487603305785123,1.7926926522036277,8.0
Lenovo V14 83A000NLIN Laptop,46101,6.206611570247934,1.666329615479161,5.5
Asus Gaming V16 2025 V3607VH-RP037WS Laptop,102990,1.1487603305785123,2.7553341336109773,4.0
HP Spectre x360 14-eu0670TU Laptop,158900,3.925619834710744,1.7437594472582545,8.0
Lenovo Yoga Slim 7 14IMH9 83CV00B3IN Laptop,109990,4.818181818181818,1.768806089293293,8.0
Asus Vivobook 15 X1504VAP-NJ2862WS Laptop,47990,1.0,1.793754110744861,8.0
Acer Nitro Lite NL16-71G NH.D5ASI.001 Gaming Laptop,79999,7.218181818181819,2.7240587052009166,4.0
Acer Nitro Lite NL16-71G NH.D5ASI.002 Gaming Laptop,89999,7.218181818181819,2.420912137978974,4.0
Lenovo Legion Pro 7 2025 16IAX10H 83F500D9IN AI Gaming Laptop,313990,4.966942148760331,2.7286460968366937,4.0
Acer Nitro Lite NL16-71G NH.D59SI.001 Gaming Laptop,69999,6.890909090909091,2.444855993422239,4.0
Lenovo Thinkpad P16v 21FDS0XB00 Laptop,116847,6.355371900826446,2.4097704395758432,4.0
MSI Katana 15 HX B14WEK-437IN Gaming Laptop,123990,6.355371900826446,2.422058557577819,4.0
MSI Katana 17 HX B14WGK-085IN Gaming Laptop,189990,6.355371900826446,2.4614126827109755,4.0
HP 14s-dq3141TU Laptop,25990,1.0,1.8302814274437638,6.5
Lenovo ThinkPad X13 AI PC 21LWS02T00 Laptop,190241,3.7768595041322315,1.722598175733411,8.0
Lenovo ThinkPad E14 Gen 6 â21M7006BIG Laptop,95232,2.7355371900826446,1.6283905806680286,8.0
"Primebook 2 Neo, 2025 Laptop (MediaTek Helio G99/ 6GB/ 128GB UFS 2.2/ PrimeOS 3.0",15990,1.1487603305785123,1.6540364826561529,6.5
Asus Zenbook 14 UM3406KA-PP240WS Laptop,89990,1.1487603305785123,1.7579302360181528,6.5
Lenovo ThinkPad T14 Gen 5 21MLS04600 Laptop,164906,3.7768595041322315,1.8724305226741456,8.0
Lenovo IdeaPad Slim 3 83KA0048IN Laptop,64990,3.7768595041322315,1.6912747707739926,5.5
Asus ROG Strix G16 G614JU-N3526WS Gaming Laptop,108990,7.099173553719008,2.6191537331749464,4.0
MSI Vector 17 HX AI A2XWHG-206IN Gaming Laptop,249990,4.966942148760331,2.4439797167976614,4.0
Asus Gaming V16 V3607VM-RP057WS Laptop,119990,1.1487603305785123,2.4996739488162927,4.0
HP Victus 15-fb3134AX Gaming Laptop,69990,4.371900826446281,2.679036771472171,4.0
HP Omen 16 Max 16-ah0190TX Gaming AI Laptop,272990,4.966942148760331,2.6878215488764385,4.0
HP 15-hr0005TU Laptop,34990,1.3471074380165289,1.7464290143054086,8.0
Lenovo IdeaPad Slim 5 14IRH10 83HR009LIN Laptop,79490,6.206611570247934,1.8179812861443734,5.5
HP ProBook 635 Aero G8 4Q1T0PA Laptop,75000,2.7107438016528924,1.8826435044194274,8.0
HP 15-fd0568TU Laptop,36990,1.3471074380165289,1.8545708092135078,8.0
Lenovo IdeaPad Slim 3 15ABR8 82XM00MTIN Laptop,47190,3.7768595041322315,1.839574573468266,8.0
Lenovo LOQ 15IAX9E 83LK006AIN Gaming Laptop,64990,5.502479338842975,2.54799802299139,4.0
Lenovo IdeaPad Slim 3 15AMN8 82XQ00MDIN Laptop,32990,1.322314049586777,1.8389455371208994,8.0
HP 15-fc0533AU Laptop,49490,3.925619834710744,1.7816690445737937,8.0
Acer 15 Aspire 3 A325-53 Laptop,35990,1.4958677685950414,1.7148326487007777,8.0
Acer Aspire 3 A325-53 Laptop,33990,1.4958677685950414,1.8633920658684011,8.0
HP OmniBook 3 15-fn0007AU AI Laptop,63990,1.1487603305785123,1.8704925895279667,6.5
Acer AL15-52H Aspire Lite 15 Laptop,56999,4.966942148760331,1.7775205721811873,5.5
Lenovo IdeaPad 3 â14IAU7 82RJ00G5IN Laptop,32970,1.4958677685950414,1.7907525365362096,8.0
Acer AL15-52H Aspire Lite 15 Laptop,59999,4.966942148760331,1.7493501453564615,5.5
MSI Modern 14 C12MO-1402IN Laptop,33990,1.3471074380165289,1.611314534778588,8.0
MSI Modern 14 C12MO-1400IN Laptop,36990,2.7355371900826446,1.869848148013206,8.0
Lenovo Yoga Slim 7 14IMH9 83CV0085IN Laptop,76990,2.7355371900826446,1.6591005370370804,8.0
Lenovo Yoga 9 2-in-1 14ILL10 83LC001FIN Laptop,197793,3.7768595041322315,1.703950730571643,8.0
Lenovo Chromebook Plus 14,64999,1.1487603305785123,1.6349131924355604,8.0
Asus TUF Gaming F16 FX608JH-RV057WS Laptop,119990,6.355371900826446,2.729219797355603,4.0
Asus ROG Strix G16 G614PH-RV033WS Gaming Laptop,142990,5.31404958677686,2.4691451874068497,4.0
Lenovo IdeaPad Pro 5 83JM0023IN Gaming Laptop,128990,4.818181818181818,1.8229362068385642,8.0
Lenovo Yoga 7 14IML9 83DJ00FTIN Laptop,85990,2.7355371900826446,1.8897429002977046,8.0
MSI Prestige 14 AI Evo C2HMG-087IN Laptop,128990,3.925619834710744,2.7676796425963084,4.0
MSI Cyborg 15 A12UDX-1468IN Gaming Laptop,65105,5.502479338842975,2.719178551733414,4.0
Lenovo LOQ 2024 15IRX9 83DV00X6IN Gaming Laptop,90990,6.890909090909091,2.437381870901381,4.0
Lenovo LOQ â15ARP9 83JC00HNIN AI Gaming Laptop,59990,3.15702479338843,2.610668077399877,4.0
Asus ROG Strix G16 G615LW-RV148WS Gaming Laptop,299990,4.966942148760331,2.7937157694326786,4.0
Asus Vivobook S16 S3607CA-RP065WS Laptop,78990,2.884297520661157,1.688734163792285,8.0
Asus Vivobook S16 S3607VA-RP054WS Laptop,59990,6.355371900826446,1.8268686085428656,5.5
MSI Prestige Pro 16 AI B2HVEG-253IN Laptop,174990,5.829752066115702,2.5301485871489464,4.0
Lenovo Chromebook 82UY0014HA Laptop,13990,1.1487603305785123,1.6156141495840277,6.5
Lenovo IdeaPad 1 â15IJL7 82LX00F7IN Laptop,24690,1.0,1.6834283708031452,6.5
Lenovo Yoga Slim 7 14IMH9 83CV008LIN Laptop,81490,2.7355371900826446,1.8281495098456702,8.0
Asus TUF Gaming A15 FA506NCR-HN275WS Laptop,65990,4.371900826446281,2.598961430437014,4.0
Asus ROG Zephyrus G14 GA403UM-QS007WS Gaming Laptop,179990,5.31404958677686,2.4067149978953006,4.0
Asus ROG Strix G16 G614PM-S5046WS Gaming Laptop,164990,5.31404958677686,2.703244363126738,4.0
Asus TUF Gaming A16 FA608PP-QT014WS Laptop,169990,5.31404958677686,2.6948779017211715,4.0
Lenovo Yoga Pro 7i Gen 10 Aura Edition Laptop,106600,3.925619834710744,1.8120309099056147,8.0
MSI Modern 15 B12MO-1050IN Laptop,49990,4.12396694214876,1.7979863319915939,8.0
Lenovo Yoga Slim 7 14IMH9 83CV009XIN Laptop,88490,3.7768595041322315,1.75331824132809,8.0
Asus Vivobook Go 15 E1504FA-NJ5542WS Laptop,39750,2.56198347107438,1.6754661713150956,8.0
HP Victus 15-fb0178AX Gaming Laptop,62500,3.15702479338843,2.6738729412986117,4.0
Asus VivoBook 14 X1404VA-NK1186WS Laptop,51440,2.884297520661157,1.701254665366305,8.0
Lenovo LOQ â15IAX9E 83LK0031IN Gaming Laptop,61990,4.966942148760331,2.6809782521083916,4.0
Asus VivoBook 14 X1404VA-NK762WS Laptop,43989,2.884297520661157,1.8018861481523396,8.0
HP 15-hr0008TU Laptop,57690,2.7355371900826446,1.7706448039558587,8.0
MSI Venture 15 AI A1MG-007IN Laptop,81990,3.925619834710744,1.8900952209648558,8.0
Lenovo ThinkPad E14 21JKS1FR00 Laptop,81990,4.272727272727273,1.8612701193635035,8.0
Ultimus Apex 5 NU14U3INF66BY Laptop,33990,2.7355371900826446,1.7145105094721973,8.0
Acer AL15-41 Aspire Lite Laptop,36990,2.7107438016528924,1.8925549998678646,8.0
Lenovo ThinkPad E14 Gen 6 â21M7S02W00 Laptop,89990,2.7355371900826446,1.8405980205197472,8.0
HP OmniBook 5 16-ba1123TU Laptop,64990,2.884297520661157,1.6472661413157836,8.0
Lenovo IdeaPad Slim 3 82RK019DIN Laptop,33999,1.3471074380165289,1.7131928059310222,8.0
Lenovo Yoga 7 2-in-1 83JQ003YIN Laptop,107890,2.7355371900826446,1.6022714146970451,8.0
MSI Modern 15 B13M-1200IN Laptop,49990,2.7355371900826446,1.694116834278977,8.0
Razer Blade 14 2025 Gaming Laptop,349999,5.31404958677686,2.4787241188013907,4.0
Tecno Megabook S16 Laptop,99990,6.355371900826446,1.8400595504648278,5.5
Lenovo Yoga Slim 7 Aura Edition 83JX005FIN Laptop,98000,2.7355371900826446,1.6896886608611683,8.0
HP 14-ep0294TU Laptop,35490,1.4958677685950414,1.7321649673353599,8.0
MSI VenturePro 15 AI A1VEG-008IN Laptop,109990,4.788429752066116,2.4210445655566657,4.0
MSI VenturePro 15 AI A1UDXG-009IN Laptop,95990,3.4198347107438014,2.6680991882615115,4.0
Lenovo Thinkpad P14s 21G2S04P00 Laptop,148990,4.966942148760331,2.5875112899522725,4.0
Lenovo Yoga Slim 7 Aura Edition 83JX001MIN Laptop,129990,3.7768595041322315,1.8102284105435806,8.0
Lenovo Yoga Slim 7 Aura Edition 83JX001LIN Laptop,112990,2.7355371900826446,1.7248213942041266,8.0
HP 240 G10 ââBE5S0PT Laptop,55250,2.884297520661157,1.75145904957621,8.0
HP 250 G10 âBJ3R8AT Laptop,57250,2.7355371900826446,1.6908145948240179,8.0
HP Envy x360 14-fc0124TU Laptop,99499,3.7768595041322315,1.6618807160297335,8.0
Lenovo ThinkPad E14 Gen 6 â21M3S0AJ00 Laptop,54100,2.7107438016528924,1.776842403289626,5.5
Lenovo IdeaPad Slim 3 15IAH8 83ER00M2IN Laptop,48299,4.818181818181818,1.8365426322120593,5.5
Acer Travel Lite TL15-53M Laptop,54990,2.884297520661157,1.817640112873111,8.0
Acer Travel Lite TL14-52M Laptop,74699,4.272727272727273,1.6583744147618926,8.0
Alienware M18 R2 Gaming Laptop,366290,8.735537190082646,2.4531721289213193,4.0
MSI Thin A15 B7UC-284IN Gaming Laptop,64990,3.15702479338843,2.675979561991031,4.0
Lenovo IdeaPad Slim 3 83K100CGIN Laptop,56990,6.206611570247934,1.7549395474602445,5.5
Honor MagicBook Pro 16 2025 Hunter Edition Gaming Laptop,143999,1.1487603305785123,2.5673541157860544,4.0
Asus ROG Zephyrus G14 GA403WR-QS123WS Gaming Laptop,279990,1.1487603305785123,2.6102089453496733,4.0
Asus ROG Flow Z13 2025 GZ302EA-RU420WS Gaming Laptop,199990,2.502479338842975,2.4592992949662795,4.0
Asus ROG Strix G16 G615LR-S5190WS Gaming Laptop,259990,4.966942148760331,2.5656402414010606,4.0
Asus ROG Strix G16 G614PR-RV032WS Gaming Laptop,229990,5.31404958677686,2.643257999177336,4.0
Acer Aspire 3 15 A325-51 Laptop,42950,2.884297520661157,1.8174701395230481,8.0
Asus VivoBook 14 X1404VA-NK790WS Laptop,54890,2.884297520661157,1.753550769140613,8.0
Lenovo IdeaPad Slim 5 14Q8X9 83HL003NIN Laptop,68990,1.1487603305785123,1.899133629071727,8.0
Lenovo V14 82TSA0HHIH Laptop,51990,4.12396694214876,1.7493421090496026,8.0
HP 240R G9 B10MRAT Laptop,34200,1.3471074380165289,1.6617104459987428,8.0
HP 15-fd1253TU Laptop,35990,1.0,1.7637468373314487,8.0
Lenovo Yoga Slim 7 14IMH9 83CV008YIN Laptop,77490,2.7355371900826446,1.6578289006022673,8.0
Asus Vivobook 15 X1504VA-E81599WS Laptop,39990,1.3471074380165289,1.6371112465703601,8.0
MSI Thin A15 B7UC-285IN Gaming Laptop,57990,2.7107438016528924,2.6133094330588946,4.0
Dell 14 Vostro Laptop,42370,1.4958677685950414,1.6865487550158977,8.0
MSI Raider 18 HX AI A2XWIG-255IN Gaming Laptop,450990,6.355371900826446,2.5388822599831236,4.0
Lenovo Yoga Slim 7 14AKP10 83JY000UIN Laptop,108490,1.1487603305785123,1.815176342626067,6.5
Lenovo IdeaPad Slim 3 â14IAH8 83EQ0074IN Laptop,47900,4.818181818181818,1.8225416293797654,5.5
MSI Thin 15 B13UCX-2472IN Gaming Laptop,61500,6.355371900826446,2.7494950268105143,4.0
Lenovo Ideapad Slim 5 AI 2025 Laptop,99990,1.1487603305785123,1.8596966770634182,6.5
MSI Venture 15 AI A1MG-005IN Laptop,69990,2.884297520661157,1.6138171847326275,8.0
Lenovo Yoga Slim 7 83CV0079IN Laptop,99990,3.7768595041322315,1.8200134596911264,8.0
Lenovo IdeaPad Slim 3 15ABR8 82XM00MUIN Laptop,46990,3.7768595041322315,1.6050752417292649,8.0
Lenovo IdeaPad Slim 3 15ABR8 82XM00UFIN Laptop,39190,2.7107438016528924,1.6635531939556238,8.0
Acer Helios Neo 18 PHN18-72 AI Gaming Laptop,349990,4.966942148760331,2.7145044358512695,4.0
HP 240 G10 âB10LVPT Business Laptop,52200,2.884297520661157,1.7771146401773699,8.0
HP OmniBook 7 Aero 13-bg1678AU Next Gen AI Laptop,76490,1.1487603305785123,1.8951892812778568,6.5
HP OmniBook X Flip 14-fm0029TU Next Gen AI Laptop,135990,3.925619834710744,1.8040254026028657,8.0
HP OmniBook X Flip 14-fm0026TU Next Gen AI PC Laptop,114249,3.925619834710744,1.861548957039783,8.0
Dell XPS 14 9440 AI Laptop,318090,5.279338842975207,2.6499630587146203,4.0
HP Omen 16 Max 16-ah0076TX Gaming Laptop,299990,4.966942148760331,2.481931800817632,4.0
HP OmniBook 5 Next Gen AI 16-ag1037au Laptop,68990,1.1487603305785123,1.7526805275877544,6.5
Lenovo IdeaPad Slim 3 15IRU8 82X700F0IN Laptop,38490,1.4958677685950414,1.7365974457981663,8.0
MSI Katana 15 B13VEK-2220IN Gaming Laptop,91990,7.218181818181819,2.683717509338907,4.0
Lenovo IdeaPad Slim 5 16IAH8 83BG003WIN Laptop,57890,4.966942148760331,1.6869272392646333,5.5
Tecno Megabook S14 Laptop,89990,1.1487603305785123,1.8398302572145153,8.0
MSI Titan 18 HX AI A2XWIG Gaming Laptop,499999,4.966942148760331,2.4471442398362684,4.0
Asus VivoBook 14 X1404VA-NK760WS Laptop,33990,1.4958677685950414,1.8905100104136507,8.0
Asus VivoBook 14 X1404VA-NK804WS Laptop,43990,2.884297520661157,1.7419872199516306,8.0
Asus Vivobook 15 X1502VA-BQ837WS Laptop,61990,6.206611570247934,1.7507751273579482,5.5
Asus Vivobook 15 X1502VA-BQ838WS Laptop,61990,6.206611570247934,1.8138131271566857,5.5
HP Victus 15-fb2703tx Gaming Laptop,66989,6.355371900826446,2.468013377385107,4.0
HP Victus 15-FA1414TX Gaming Laptop,80100,5.413223140495868,2.7874818148403495,4.0
HP 250R G9 B10MTA#ACJ Laptop,35780,1.3471074380165289,1.8769429592984128,8.0
MSI Modern 14 C12MO-1248IN Laptop,35890,1.4958677685950414,1.8004090299042346,8.0
HP 255 G9 9H237PT Laptop,23806,1.322314049586777,1.6496537567873704,8.0
HP Pavilion x360 14-ek1148TU Laptop,68990,2.7355371900826446,1.7463094912000487,8.0
HP Pavilion x360 14-ek1151TU Laptop,77990,2.7355371900826446,1.685598266337918,8.0
HP Pavilion Plus 14-ew0108TU Laptop,76499,2.884297520661157,1.829286346051978,8.0
Lenovo LOQ 2024 83GS00LFIN Gaming Laptop,72990,5.502479338842975,2.533759400743149,4.0
Lenovo LOQ 15IAX9 83GS00LJIN Gaming Laptop,57828,4.966942148760331,2.44688179919069,4.0
HP 15-fd0466tu Laptop,60539,2.884297520661157,1.7193456407874423,8.0
Lenovo LOQ 15IAX9 83GS00LLIN Gaming Laptop,67990,5.502479338842975,2.7708928343451347,4.0
Asus Zenbook A14 UX3407RA-QD054WS Laptop,109990,1.1487603305785123,1.8316538859896594,8.0
Asus Vivobook 16 X1607QA-MB050WS Laptop,57990,1.1487603305785123,1.7033917246789794,8.0
Asus Vivobook 16X K3605VC-RP413WS Laptop,64590,6.801652892561983,2.6396845833156464,4.0
Dell Inspiron 5640 Laptop,63990,2.884297520661157,1.6239566201972329,8.0
Asus Vivobook Go 14 E1404FA-NK3321WS Laptop,30989,1.322314049586777,1.6008805517877398,8.0
Asus Zenbook A14 Laptop,99999,1.1487603305785123,1.87553513028868,8.0
Dell Inspiron 5440 Laptop,67190,2.884297520661157,1.7108620480925398,8.0
Lenovo IdeaPad Slim 5 13ARP10 83J2000HIN Laptop,61900,3.925619834710744,1.7027682409655516,5.5
Dell 3530 15 Inspiron Laptop,67990,4.272727272727273,1.6460818782964248,8.0
Asus Vivobook S 14 OLED 2025 S5406SA-QD094WS Laptop,99990,3.7768595041322315,1.6966568884811495,8.0
Asus Vivobook S 14 OLED 2025 S5406SA-QD098WS Laptop,86990,2.7355371900826446,1.6123504987581119,8.0
Asus Zenbook Duo OLED 2025 UX8406CA-PZ106WS Laptop,244980,4.966942148760331,1.6383349603880544,8.0
Asus Vivobook 14 Flip TP3407SA-QL025WS Laptop,101990,3.7768595041322315,1.6057303081407517,8.0
Asus Gaming V16 V3607VU-RP275WS Laptop,87990,2.0115702479338844,2.420977854389746,4.0
Asus Zenbook 14 OLED 2025 UX3405CA-PZ163WS Laptop,117990,3.7768595041322315,1.8244366171795965,8.0
Asus Vivobook Go 15 E510KA-EJ9011WS Laptop,25990,1.1487603305785123,1.7082794896136952,6.5
HP â15-fd0468TULaptop,65990,4.272727272727273,1.6922331265972308,8.0
Dell Inspiron 5440 OIN5440340401RINU1 Laptop,62990,2.7355371900826446,1.6296876977340264,8.0
Lenovo ThinkPad X9 Aura 14 Laptop,199999,3.925619834710744,1.627837769003102,8.0
Asus TUF Gaming F15 FX507VV-LP487WS Gaming Laptop,104990,7.709090909090909,2.7089021739896273,4.0
Asus Zenbook S14 OLED UX5406SA-PZ7762WS Laptop,139990,3.925619834710744,1.7820278125062599,8.0
Lenovo IdeaPad 5 14IRH9 83KX0059IN Laptop,69990,6.206611570247934,1.6873149240430017,5.5
HP Victus FA1198TX Gaming Laptop,66990,6.890909090909091,2.5264638650266957,4.0
Lenovo IdeaPad Slim 3 15AMN8 82XQ00MCIN Laptop,30499,1.322314049586777,1.852434075571257,8.0
Lenovo IdeaPad 5 14IRH9 83KX0058IN Laptop,67749,6.206611570247934,1.6339520452589007,5.5
Acer Aspire 3 A311-45 UN.354SI.006 Laptop,14989,1.0,1.6307227026879954,6.5
Chuwi CoreBook X CWI570 Laptop,31990,1.4958677685950414,1.8669065404280272,5.5
Lenovo IdeaPad Slim 3 15IAH8 83ER00KRIN Laptop,48990,4.818181818181818,1.6763229441692935,5.5
Acer 15 Aspire Lite AL15-52H Laptop,46990,4.966942148760331,1.817853884337954,5.5
Acer 15 TravelMate TMP215-53 Business Laptop,39990,1.4958677685950414,1.6727992700932268,5.5
Lenovo IdeaPad Slim 1 â15IGL7 82V700KHIN Laptop,25990,1.0,1.8083989890166778,5.5
Lenovo IdeaPad Slim 3 15IAH8 83ER00KPIN Laptop,48899,4.818181818181818,1.8854082327046988,5.5
MSI Thin 15 B12UC-2242IN Gaming Laptop,62750,4.966942148760331,2.7224132992249968,4.0
Asus ROG Strix SCAR 16 G635LX-RW158WS Gaming Laptop,424990,4.966942148760331,2.414311454365478,4.0
Asus Zenbook 14 OLED UX3405MA-PP555WS Laptop,89999,2.884297520661157,1.6782784947706304,8.0
MSI Thin 15 B12UC-2240IN Gaming Laptop,68990,5.413223140495868,2.4006292164514766,4.0
Dell Vostro 3440 Laptop,50900,2.884297520661157,1.8399925531641734,8.0
Dell Latitude 14 3440 Laptop,55500,2.884297520661157,1.6078191847394678,8.0
HP 240 G9 7M656PA Laptop,35890,1.4958677685950414,1.8622732415252985,8.0
Lenovo ThinkBook Plus Gen 6 Rollable Laptop,299990,3.925619834710744,1.683935799553766,8.0
Asus ROG Strix SCAR 16 G635 Gaming Laptop,399999,4.966942148760331,2.562205333144763,4.0
HP B12V5PT Laptop,35829,1.3471074380165289,1.8880213907005212,8.0
MSI Titan 18 HX Gaming Laptop,359900,4.966942148760331,2.5893369365900902,4.0
Acer Aspire Lite AL15-53 Laptop,44990,2.884297520661157,1.7020933595358352,8.0
HP 255 G10 B15J0PT Laptop,31990,2.7107438016528924,1.8558462561435702,8.0
Xiaomi Redmi Book 16 2025 Laptop,64990,2.884297520661157,1.7091926311015717,8.0
HP OmniBook Ultra Flip Next Gen AI 14-fh0026TU Laptop,171900,3.925619834710744,1.6494449562783207,8.0
HP ZBook Firefly 16 G11 A1VX4PT Laptop,152000,3.925619834710744,2.7888174133074273,4.0
Dell 9350 XPS 13 Laptop,181290,3.925619834710744,1.862926618937101,8.0
HP OmniBook Ultra Flip Next Gen AI 14-fh0029TU Laptop,180590,3.925619834710744,1.6504999457998704,8.0
Dell Latitude 3450 Laptop,56250,2.884297520661157,1.8780134652228342,8.0
HP ZBook Firefly 14 G11 A1VL0PT Laptop,131999,3.925619834710744,2.4880847974552074,4.0
Dell 14 Latitude 3420 Laptop,33400,1.4958677685950414,1.608870234020876,5.5
Asus ExpertBook B5 B5404 Laptop,99990,3.925619834710744,1.8218887072577452,8.0
Acer AL15-41 Aspire Lite 15 Laptop,32990,2.7107438016528924,1.7965798422965344,8.0
HP 240R G9 Laptop,32990,1.3471074380165289,1.80331622111037,8.0
HP 245 G10 Laptop,29649,2.7107438016528924,1.6980024199762647,8.0
Lenovo ThinkPad T14s Gen 6 Laptop,137268,1.1487603305785123,1.607388286445964,6.5
HP 250R G9 B10MTAT Laptop,34990,1.3471074380165289,1.7260293036250103,8.0
HP 240R G9 Laptop,33800,1.3471074380165289,1.8813782516109057,8.0
Lenovo ThinkPad X1 Carbon Gen 13 Aura Edition Laptop,189990,3.925619834710744,1.7578305545428432,8.0
Dell 14 Inspiron 5441 Laptop,90890,1.1487603305785123,1.806258434314451,8.0
Lenovo Yoga 7 83DJ008WIN Laptop,113090,3.7768595041322315,1.8059986862325046,8.0
Dell 15 Latitude 3540 Laptop,35950,1.4958677685950414,1.6851163152057427,8.0
Dell Latitude 3440 Laptop,34800,1.4958677685950414,1.7455286826192018,8.0
Dell Latitude 3440 2024 Laptop,34990,1.4958677685950414,1.8429038559073312,8.0
Acer Swift 14 AI SF14-51 NX.J2HSI.002 Laptop,84990,2.7355371900826446,1.7038037997577993,8.0
Acer Swift Go 14 SFG14-01 NX.KYXSI.001 AI Laptop,89990,1.1487603305785123,1.737487227986357,8.0
Acer Swift 14 AI SF14-51 NX.J2HSI.001Laptop,99999,3.7768595041322315,1.6662637127590239,8.0
Lenovo IdeaPad Slim 3 82X70034IN Laptop,37450,1.3471074380165289,1.8025607651714237,8.0
Asus Vivobook S15 K5504VAB-BN416WS Laptop,71990,6.355371900826446,1.8672314996726913,5.5
Acer TravelLite TL14-42M Laptop,30990,1.322314049586777,1.7274376451495272,8.0
HP OmniBook X 14-fe1011QU AI Laptop,84999,1.1487603305785123,1.7884480569254864,8.0
Asus Vivobook Go 15 X1500KA-EJ021W Laptop,24880,1.1487603305785123,1.6353305526657207,6.5
Acer 15 ALG âAL15G-53 Gaming Laptop,78500,6.890909090909091,2.5006290920565006,4.0
Acer Aspire 3 A324-53 UN.34RSI.009 Laptop,32990,1.3471074380165289,1.7871304049002084,8.0
Apple MacBook Air 13 2024 Laptop,147151,3.87603305785124,1.3316110069600375,9.5
Apple MacBook Air 15 2024 Laptop,148817,3.578512396694215,1.3680905667844532,9.5
Acer Chromebook Spin CP713-2W Laptop,105000,3.4297520661157024,1.8095645621066023,8.0
Lenovo V14 G4 82YTA00TIN Laptop,25725,1.322314049586777,1.6606096761898057,8.0
Lenovo Thinkpad E16 21JNS0QE00 Laptop,69765,2.7355371900826446,1.6036280061910773,8.0
Lenovo IdeaPad 3 82RK017RIN Laptop,34685,1.4958677685950414,1.8607125357935264,8.0
Dell Inspiron 5441 Laptop,70990,1.1487603305785123,1.6422505578486393,8.0
Apple MacBook Pro 14 Laptop,229990,1.1487603305785123,1.2214883959045109,9.5
Apple MacBook Pro 14 Laptop,201990,1.1487603305785123,1.3143620094528112,9.5
Apple MacBook Pro 16 2024 Laptop,239990,1.1487603305785123,1.2734745291636134,9.5
Apple MacBook Pro 14 Laptop,182990,1.1487603305785123,1.2628482857059702,9.5
Apple MacBook Pro 14 Laptop,309990,1.1487603305785123,1.3752606930724383,9.5
Acer Aspire Lite AL15-53 UN.34ESI.00D Gaming Laptop,33990,1.4958677685950414,1.667701149098755,8.0
MSI Stealth 16 AI Plus A3HVGG-074IN Gaming Laptop,199990,3.15702479338843,2.772092003069851,4.0
Dell Inspiron 5440 Laptop,62990,2.884297520661157,1.656965765114011,8.0
HP OmniBook Ultra Flip AI 2 in 1 Laptop,191999,4.966942148760331,1.8702727204512766,8.0
HP ZBook Firefly 14 G11 A92TYPT Laptop,79900,2.884297520661157,1.7151964533363773,8.0
Acer 15 TravelMate TMP215-53 Laptop,49990,2.884297520661157,1.6674153534725789,5.5
HP ZBook Firefly 14 G11 A92U3PT Laptop,96999,3.925619834710744,1.8841722949935489,8.0
Dell Latitude 3440 Laptop,33790,1.4958677685950414,1.833838203764302,8.0
Dell 14 Latitude 3440 Laptop,34490,1.4958677685950414,1.7048111944468471,8.0
Dell Inspiron 14 5445 Laptop,64990,3.925619834710744,1.6162488069113046,8.0
Lenovo IdeaPad 3 15IJL6 82N4004QHA Laptop,23990,1.0,1.879307870575908,6.5
Lenovo Legion Pro 5 16ARX8 82WM00FFIN Gaming Laptop,200990,7.322314049586777,2.6253144975077287,4.0
HP Pavilion 15-eh1137AU Laptop,51490,2.7107438016528924,1.6273460976345808,8.0
HP Victus 15-FA1402TX Gaming Laptop,75990,5.413223140495868,2.593838666899043,4.0
Dell Inspiron 3520 Laptop,34990,1.4958677685950414,1.7377711011610255,8.0
Acer Chromebook CB315-4H Laptop,20990,1.0,1.7137770862057067,8.0
Acer Aspire 3 A325-42 Laptop,27990,1.322314049586777,1.8876719112604876,8.0
Lenovo IdeaPad Slim 3 14AMN8 82XN006TIN Laptop,37490,2.7107438016528924,1.7194291622706213,8.0
Dell 2024 Inspiron 3530 Laptop,53090,2.7355371900826446,1.6978023583478075,8.0
Asus Vivobook 16X K3605ZU-RP304WS Laptop,79000,5.829752066115702,2.433903767604438,4.0
Samsung Galaxy Book4 Pro 360 5G Laptop,199990,3.925619834710744,1.8791501789438487,8.0
Asus Zenbook S14 OLED UX5406SA-PZ357WS Laptop,143730,3.925619834710744,1.7260614570655006,8.0
HP Pavilion 16-af0056TU Laptop,65990,2.7355371900826446,1.7866227537357722,8.0
Lenovo IdeaPad Slim 3 83EQ005TIN Laptop,49490,4.818181818181818,1.7567584224081985,5.5
Dell 14 Inspiron 7440 2in1 Laptop,96100,1.1487603305785123,1.6503501927775828,8.0
âLenovo V15 G2 Laptop,23980,1.0,1.8422002452157402,6.5
Lenovo Yoga Slim 7 14IMH9 83CV0047IN Laptop,153190,3.7768595041322315,1.894750405479684,8.0
Lenovo LOQ 15IRX9 83DV00KUIN Gaming Laptop,80900,6.890909090909091,2.7968527339502334,4.0
Lenovo IdeaPad 5 14IRH9 83KX0018IN Laptop,75000,6.206611570247934,1.8439601805929144,5.5
Asus Vivobook 16X K3605ZC-RP628WS Laptop,71399,5.413223140495868,2.5677968695384097,4.0
Lenovo Yoga 7 14IRL8 82YL00AYIN Laptop,81990,2.7355371900826446,1.6340114450527385,5.5
Lenovo IdeaPad 3 15IAU7 82RK018RIN Laptop,33999,1.4958677685950414,1.7055959823482827,8.0
HP 15-fd0112TU Laptop,49491,2.7355371900826446,1.7587827962769143,8.0
Honor MagicBook Art 14 2024 Laptop,89990,1.1487603305785123,1.6305803937989665,8.0
Lenovo IdeaPad 3 82RK017PIN Laptop,32385,1.4958677685950414,1.899122156372889,8.0
Asus Vivobook 15 X1504ZA-NJ527WS Laptop,40990,2.7355371900826446,1.616725589124683,8.0
Samsung Galaxy Book 5 Pro NP940XHA-LG4IN Laptop,150990,3.925619834710744,1.7890947244413382,8.0
Acer Swift Go 14 AI Laptop,89990,1.1487603305785123,1.8594407946085414,8.0
Asus TUF Gaming A15 2024 FA507UV-LP137WS Gaming Laptop,124990,6.667768595041322,2.42247326067929,4.0
Acer Swift Go 14 SFG14-41 NX.KG3SI.008 Laptop,84999,3.925619834710744,1.7426161804259461,8.0
Lenovo Yoga Slim 7 14IMH9 83CV003MIN Laptop,74990,2.7355371900826446,1.6881297859277333,8.0
Asus Vivobook S 15 OLED S5507QA-MA551WS Laptop,70990,1.1487603305785123,1.6429397007103006,8.0
Asus ProArt PX13 OLED HN7306WU-LX001WS Creator Laptop,159990,2.0115702479338844,2.48359112413888,4.0
MSI Cyborg 14 A13VE-201IN Gaming Laptop,96990,7.218181818181819,2.7196122110308094,4.0
Asus Vivobook Go 15 E1504FA-NJ549WS Laptop,39950,2.7107438016528924,1.6075394075138036,8.0
MSI Creator Z17 HX Studio A14VGT-405IN Creator Laptop,269990,8.363636363636363,2.506519822662666,4.0
MSI Modern 14 C12MO-1213IN Laptop,31050,1.4958677685950414,1.807117457635003,8.0
HP ZBook Power G11 A8WM4PT Laptop,242999,4.966942148760331,2.4130925713042597,4.0
HP 15-fd0061TU Laptop,33990,1.3471074380165289,1.6670944051205254,8.0
Asus VivoBook 15 X1504ZA-NJ341W Laptop,35790,1.3471074380165289,1.8649218654296162,8.0
HP 15-fd0070TU Laptop,49499,2.7355371900826446,1.822550055056645,8.0
HP Victus 15-fa1278TX Gaming Laptop,76199,7.218181818181819,2.6069024153700973,4.0
Apple MacBook Air M2 2022 MLY43HN/A Laptop,159900,2.884297520661157,1.250740037507039,9.5
Infinix INBook Y3 Max Series YL613 Laptop,31990,1.3471074380165289,1.696737100684828,8.0
Dell Inspiron 14 Plus OIN7441200101RINU1 AI Laptop,84990,1.1487603305785123,1.6199451065351704,8.0
Dell Inspiron 5445 Laptop,57490,2.7107438016528924,1.6722140904491694,8.0
Dell Inspiron 5445 Laptop,66990,3.925619834710744,1.887182338511032,8.0
Acer Swift Go 14 SFG14-41 NX.KG3SI.007 Laptop,52999,3.925619834710744,1.7290180259790016,8.0
Apple MacBook Air 13 2024 Laptop,109990,3.87603305785124,1.3050681676212708,9.5
HP 255 G9 8M397PA Laptop,34990,2.7107438016528924,1.6792161094353408,8.0
MSI Stealth 18 Mercedes AMG Motorsport Gaming Laptop,319990,7.347107438016529,2.683929873881089,4.0
MSI Modern 14 C12MO-1212IN Laptop,45290,2.884297520661157,1.6793039839112742,8.0
MSI Modern 15 B12MO-1006IN Laptop,45990,4.12396694214876,1.862553324402677,8.0
MSI Modern 15 B12MO-1007IN Laptop,44490,2.7355371900826446,1.685647118679618,8.0
MSI Modern 15 B13VE-2089IN Laptop,82990,7.218181818181819,2.734997157912739,4.0
Lenovo V15 G4 â83CQ0006IN Laptop,27899,1.1735537190082646,1.6215298175799628,8.0
HP 15-fd0129TU Laptop,36990,1.3471074380165289,1.7487517546819822,8.0
Asus Vivobook S15 OLED S5504VA-MA943WS Laptop,81990,6.355371900826446,1.8939710813648325,5.5
Lenovo ThinkPad E14 21JKS0X900 Laptop,74990,2.884297520661157,1.7524509331920928,8.0
Lenovo LOQ 2024 83GS0098IN Gaming Laptop,69990,5.502479338842975,2.6764317900251573,4.0
HP Victus 15-fa1321TX Gaming Laptop,87500,6.890909090909091,2.490472510909567,4.0
Asus TUF Gaming A15 FA506NCR-HN075WS Laptop,65990,4.371900826446281,2.6235088749716664,4.0
Asus Tianxuan Air 2024 Gaming Laptop,109670,2.502479338842975,2.7705348002356263,4.0
MSI Modern 14 C12MO-1211IN Laptop,44200,4.272727272727273,1.8047783203009289,8.0
Lenovo IdeaPad Slim 5 16IMH9 83DC003GIN Laptop,70990,2.884297520661157,1.7832836678578787,8.0
Acer TravelMate TMP214-54 Business Laptop,53290,4.12396694214876,1.638803367193038,8.0
Acer Predator Helios 16 NH.QNXSI.004 Gaming Laptop,189990,8.363636363636363,2.700739895394452,4.0
Asus TUF Gaming A15 FA506NFR-HN045W Laptop,56990,3.925619834710744,2.703284526953944,4.0
Acer Nitro V ANV15-41 UN.QPFSI.002 Gaming Laptop,64990,3.2462809917355373,2.7685208505696695,4.0
Lenovo IdeaPad 1 15ALC7 82R400EFIN Laptop,42850,3.925619834710744,1.8117865109506213,8.0
Lenovo LOQ 2024 15IAX9 83GS00CKIN Gaming Laptop,62990,4.966942148760331,2.5190184269497538,4.0
Thomson Neo Series IN-PX14C Laptop,15292,1.0,1.8379538641905109,6.5
Asus TUF Gaming A15 FA566NFR-HN260W Laptop,54990,3.925619834710744,2.530732458879383,4.0
MSI Modern 15 H C13M Laptop,54990,6.206611570247934,1.8650496999339872,5.5
HP Victus 15-fa0333TX Gaming Laptop,66700,5.413223140495868,2.4998300872597623,4.0
Asus TUF Gaming A15 FA566NC-HN083WS Laptop,71990,3.15702479338843,2.5473390289289335,4.0
HP 15-fc0155AU Laptop,34499,2.7107438016528924,1.676720759809342,8.0
HP 14-gr1023TU Laptop,83990,3.7768595041322315,1.6287224458368448,8.0
HP 14-gr1022TU Laptop,70990,2.884297520661157,1.7145636171337264,8.0
Thomson Neo 15 IN-N15I712 Laptop,37990,4.12396694214876,1.7248811381216573,8.0
Acer Aspire 3 14 A324-45 Laptop,20990,1.0,1.6379582106573554,6.5
Acer Aspire 3 A324-45 Laptop,21990,1.0,1.880870239697864,6.5
Thomson Neo 15 IN-N15I Laptop,33490,2.7355371900826446,1.8979021673489815,8.0
HP Chromebook 14a-nf0017tu Laptop,43221,1.3471074380165289,1.6238776441771416,6.5
Honor MagicBook Art 14 2024 Laptop,97990,2.884297520661157,1.7144566415747247,8.0
Acer Aspire 3D 15 SpatialLabs Edition A3D15-71GM 3D Laptop,174990,7.218181818181819,2.436606852876998,4.0
Lenovo Ideapad 5 â14AHP9 2-in-1 83DR003DIN Laptop,72149,2.7107438016528924,1.8741679651485619,5.5
Acer Aspire 3 A325-45 Laptop,23389,1.1487603305785123,1.701211237241446,6.5
Microsoft Surface Pro 11 2024 âZHY-00032 Laptop,109990,1.1487603305785123,1.7049360551035981,8.0
Microsoft Surface Pro 11 âZIB-00031 Laptop,175990,1.1487603305785123,1.887927874719429,8.0
Dell Inspiron 7441 Plus AI Laptop,95990,1.1487603305785123,1.651579810370371,8.0
Acer Aspire Lite UN.34ESI.005 Gaming Laptop,32993,1.4958677685950414,1.6103166094844141,8.0
Dell XPS 13 9345 AI Laptops,144990,1.1487603305785123,1.8538038823792133,8.0
Infinix Zero Book Ultra AI PC ZL514 Laptop,79990,4.818181818181818,1.7792503000670594,8.0
Infinix Zero Book Ultra AI ZL514 Laptop,64990,3.7768595041322315,1.7640091017836639,8.0
Dell Vostro 3520 Laptop,37990,1.4958677685950414,1.7398963245091132,8.0
HP Pavilion Aero 13-bg0017AU Laptop,76990,3.925619834710744,1.7163098027842376,8.0
Lenovo IdeaPad 3 14IAU7 82RJ00FFIN Laptop,35490,1.3471074380165289,1.79287460795429,8.0
Lenovo YOGA Air 14s Laptop,114990,1.0,1.7008290188112394,8.0
HP Pavilion Aero 13-bg0016AU Laptop,77280,2.7107438016528924,1.8118039255414446,8.0
Lenovo LOQ 15ARP9 83JC0046IN Gaming Laptop,92490,5.279338842975207,2.6958865755484536,4.0
HP Chromebook 14a-nf0014tu Laptop,29590,1.0,1.776816034421495,6.5
Lenovo Yoga Pro 7 14IMH9 83E2005EIN Laptop,129900,4.788429752066116,2.7627659430096494,4.0
Gigabyte G5 MF5-52IN354SH Laptop,74000,7.218181818181819,2.467750425541356,4.0
HP 15s-fy5011TU Laptop,34490,1.4958677685950414,1.643764321301809,8.0
Gigabyte G6 MF-H2IN853SH Laptop,97149,7.218181818181819,2.556114151480823,4.0
Lenovo LOQ 15ARP9 83JC0045IN Gaming Laptop,80951,4.788429752066116,2.5080144881893762,4.0
HP 15-fd0123TU Laptop,39995,1.3471074380165289,1.8269963115821666,6.5
Asus TUF Gaming F15 FX507VU-LP210W Gaming Laptop,92990,7.218181818181819,2.6821784160684388,4.0
Lenovo Ideapad Gaming 3 15ARH7 82SB00QKIN Laptop,70990,3.2462809917355373,2.6150186381725247,4.0
Red Magic Titan 16 Pro Laptop,120999,7.709090909090909,2.68417322778742,4.0
Lenovo IdeaPad Slim 3 82RJ00FGIN Laptop,32990,1.4958677685950414,1.8622880879656787,8.0
MSI Crosshair 16 HX Monster Hunter Edition D14VFKG-408IN Gaming Laptop,167990,7.709090909090909,2.522337443796034,4.0
Asus Vivobook S 15 OLED 2024 S5506MA-MA951WS Laptop,119990,4.818181818181818,1.660481719536437,8.0
Asus Vivobook 15 X1504VA-NJ540WS Laptop,47990,2.7355371900826446,1.777762463177821,8.0
HP Spectre x360 16-aa0015TU Laptop,140900,3.925619834710744,1.8869459912959186,8.0
Lenovo IdeaPad Slim 3 83EQ005VIN Laptop,47870,4.818181818181818,1.7198211693147292,5.5
Dell XPS 16 9640 OLED Laptop,385830,5.279338842975207,2.5678923061616596,4.0
MSI Modern 15 H AI C1MG-048IN Laptop,69990,3.925619834710744,1.795251316287477,8.0
MSI Thin 15 B13UC-2019IN Gaming Laptop,69990,6.801652892561983,2.753892937034921,4.0
MSI Modern 15 H AI C1MG-046IN Laptop,62990,3.925619834710744,1.893647876478406,8.0
MSI Cyborg 15 A13VFK-1079IN Gaming Laptop,107490,7.709090909090909,2.6006189833790505,4.0
Dell 16 XPS 9640 OLED Laptop,368990,6.3206611570247935,2.641530655260128,4.0
Lenovo IdeaPad Slim 3 83EM008GIN Laptop,65000,6.206611570247934,1.665356213350811,5.5
MSI Summit 16 AI Evo A1MTG-025IN Laptop,114990,3.925619834710744,1.6026542044049457,8.0
Gigabyte Aorus 16X ASG-63USC65SH Gaming Laptop,189990,8.363636363636363,2.6095003992206003,4.0
MSI Modern 14 C12MO-1203IN Laptop,44990,2.7355371900826446,1.8528568325144428,8.0
HP Pavilion Plus 14-ew1082TU Laptop,72899,2.884297520661157,1.7462227215428199,8.0
MSI Modern 14 C12MO-1202IN Laptop,44911,4.12396694214876,1.8573841826320665,8.0
Lenovo IdeaPad Pro 5 83D4002PIN Gaming Laptop,139900,5.829752066115702,2.7986017622438553,4.0
Acer Chromebook Plus 515 CB515-2H âNX.KNUSI.002 Laptop,29990,1.4958677685950414,1.7669975822641943,8.0
HP Omen 16-wd0011tx Gaming Laptop,96975,7.218181818181819,2.469119204994669,4.0
Acer Aspire 3 A324-51 UN.343SI.009 Laptop,42990,2.7355371900826446,1.7596331707433692,8.0
MSI Titan 18 HX A14VHG-207IN Gaming Laptop,329990,8.735537190082646,2.697219338877766,4.0
MSI Raider 18 HX A14VHG-254IN Gaming Laptop,309990,8.735537190082646,2.795620581696273,4.0
MSI Stealth 18 AI Studio A1VIG-022IN Gaming Laptop,279990,8.611570247933884,2.7380426118678316,4.0
Asus TUF Gaming F17 FX706HF-NY040W Laptop,56990,4.966942148760331,2.484672608143293,4.0
Lenovo LOQ 15IRX9 83DV00LXIN Gaming Laptop,116491,7.709090909090909,2.7499162960854213,4.0
Samsung Galaxy Book 4 np750xgk-lg2in Laptop,63000,1.1487603305785123,1.662791200884781,8.0
Asus ROG Zephyrus G16 GU605MV-CO711WS Gaming Laptop,172990,5.279338842975207,2.7317534451324414,4.0
Asus ROG Zephyrus G14 GA403UV-QS085WS Gaming Laptop,175000,6.667768595041322,2.7276362365719082,4.0
Asus TUF Gaming A14 2024 Gaming Laptop,177990,6.667768595041322,2.620720992156424,4.0
Acer Aspire 3 A324-51 UN.343SI.006 Laptop,28990,1.3471074380165289,1.898644148011172,8.0
Asus Vivobook 15 X1504ZA-NJ540WS Laptop,44990,2.7355371900826446,1.6700134704540146,8.0
Dell Alienware M16 R1 ANM16I7CDG7001ODB1 Laptop,143990,7.218181818181819,2.651608826968757,4.0
HP Victus 15-fa1351TX Gaming Laptop,60990,4.966942148760331,2.551630866701254,4.0
Dell Vostro 3530 VN3530602PF001ORB1 Laptop,52190,2.7355371900826446,1.8935154786036101,8.0
Dell Vostro 3530 VN3530KCKC9001ORB1 Laptop,52990,2.7355371900826446,1.618447134221527,8.0
Acer âAL15G- 52 2024 Gaming Laptop,58999,4.966942148760331,2.728817280312308,4.0
HP 14-ew1074TU Laptop,66990,2.884297520661157,1.7941040896225362,8.0
Acer âAL15G- 52 Gaming Laptop,68990,5.502479338842975,2.751008340808392,4.0
Asus ExpertBook B1 B1402CBA-NK1494WS Laptop,35490,1.3471074380165289,1.6390000867657928,8.0
Asus ExpertBook B1 B1502CBA-NJ1090WS Laptop,38990,1.3471074380165289,1.715163484966332,8.0
Asus Vivobook S 15 OLED 2024 S5506MA-MA752WS Laptop,96990,3.7768595041322315,1.7677776887452716,8.0
HP OmniBook X 14-fe000 AI Laptop,94990,1.1487603305785123,1.786840727348209,8.0
MSI Modern 15 B12MO-815IN Laptop,51600,4.12396694214876,1.7221854903480214,8.0
MSI Modern 15 B12MO-818IN Laptop,38990,2.7355371900826446,1.8295011832892287,8.0
MSI Modern 15 B13M-883IN Laptop,33990,1.3471074380165289,1.8662149400534904,8.0
Asus Vivobook S 16 OLED 2024 S5606MA-MX951WS Laptop,124999,4.966942148760331,1.8906217652724808,8.0
Microsoft Surface Pro 11 2024 Laptop,113990,1.1487603305785123,1.644069888406339,8.0
Microsoft Surface Pro 11 Laptop,156990,1.1487603305785123,1.7131074312486183,8.0
Microsoft Surface Laptop 7,145990,1.1487603305785123,1.6812392177933142,8.0
MSI Prestige 14 AI Evo C1MG-050IN Laptop,69990,2.7355371900826446,1.7163173606091842,8.0
MSI Summit E13 AI Evo A1MTG-041IN 2 in 1 Laptop Laptop,95500,3.7768595041322315,1.779172076507689,8.0
Lenovo Yoga 7 14ARP8 82YM0075IN Laptop,91990,3.7768595041322315,1.7046751893612035,8.0
Lenovo LOQ 83GS000PIN Gaming Laptop,69999,5.502479338842975,2.684402791567727,4.0
MSI Thin 15 B12VE-1689IN Gaming Laptop,74990,5.829752066115702,2.5223989515832903,4.0
Dell Inspiron 5440 Laptop,99990,1.1487603305785123,1.71888664889227,8.0
MSI Thin 15 B12UCX-1695IN Gaming Laptop,55990,4.966942148760331,2.7762504438236206,4.0
MSI Thin 15 B12UC-1692IN Gaming Laptop,64990,5.413223140495868,2.4636064942928755,4.0
MSI Thin 15 B12UC-1691IN Gaming Laptop,71790,5.413223140495868,2.5607251317483373,4.0
MSI Thin 15 B13UC-1805IN Gaming Laptop,59990,6.801652892561983,2.455176179282634,4.0
HP Victus 15-fa1226TX Gaming Laptop,57899,4.966942148760331,2.5947338732438676,4.0
Dell Inspiron 5330 2024 Laptop,74990,2.884297520661157,1.6148526425687266,8.0
HP Victus 15-fa1327TX Gaming Laptop,72900,6.890909090909091,2.4906191922472933,4.0
Dell Inspiron 3530 OIN353034011RINB1M Laptop,48990,2.7355371900826446,1.7607291242949146,8.0
HP Victus 15-fa1227TX Gaming Laptop,61990,4.966942148760331,2.547282654205935,4.0
HP Omen 16-wd0012TX Gaming Laptop,116990,7.709090909090909,2.686838788006737,4.0
HP 15-fd0186TU Laptop,36500,1.3471074380165289,1.6756995087373219,8.0
Acer Swift Go 14 SFG14-73 NX.KSGSI.001 Laptop,76890,2.7355371900826446,1.6699084412216036,8.0
Lenovo LOQ 15IAX9 83GS008VIN Gaming Laptop,58775,4.966942148760331,2.5062703461522755,4.0
Acer Swift Go 14 SFG14-73 NX.KSGSI.002 Laptop,80990,3.7768595041322315,1.6461554920975634,8.0
HP Pavilion 15-eh3036AU Laptop,50999,2.7107438016528924,1.834541248231935,8.0
HP 15-fd1097TU Laptop,59990,1.0,1.770666528900919,8.0
HP 15-fd1096TU Laptop,46447,1.0,1.7249102087087111,8.0
HP 15-fd1095TU Laptop,39059,1.0,1.8904557675213978,8.0
HP Pavilion 16-af0028TU Laptop,72990,3.7768595041322315,1.7219139010364526,8.0
MSI Thin 15 B12VE-1688IN Gaming Laptop,79990,5.829752066115702,2.700530798710955,4.0
HP Pavilion 16-af0015TU Laptop,62990,2.7355371900826446,1.8465884472210161,8.0
MSI Thin 15 B12UC-1690IN Gaming Laptop,71690,5.413223140495868,2.405452467884347,4.0
Lenovo LOQ 15IAX9 83GS009RIN Gaming Laptop,60400,4.966942148760331,2.6562820237969422,4.0
Acer Predator Helios Neo 16 âPHN16-72 NH.QNPSI.003 Gaming Laptop,115990,7.218181818181819,2.527286944778252,4.0
MSI Creator Z17 HX Studio A14VGT-262IN Creator Laptop,264990,8.363636363636363,2.4330095964886924,4.0
MSI Pulse 17 AI C1VGKG-030IN Gaming Laptop,179990,6.975206611570249,2.5911993825988917,4.0
Acer Nitro V ANV15-41 NH.QPESI.001 Gaming Laptop,82990,4.788429752066116,2.473365862903952,4.0
HP Omen 16-wf0061TX Gaming Laptop,189990,8.363636363636363,2.4014295510202373,4.0
MSI Sword 16 HX B14VGKG-207IN Gaming Laptop,149990,8.363636363636363,2.6084071091541956,4.0
Samsung Galaxy Book 4 NP750XGJ-KG1IN Laptop,51990,2.884297520661157,1.8000827349129513,8.0
HP 15s-eq2304au Laptop,38499,2.7107438016528924,1.6429370651012862,8.0
HP 15s-eq2305AU Laptop,41390,2.7107438016528924,1.8156639686395448,8.0
Acer Aspire 5 A515-58M UN.KHFSI.004 Gaming Laptop,42500,1.4958677685950414,1.7362424493351445,8.0
Lenovo Legion 5 16IRX9 83DG004SIN Laptop,146999,7.709090909090909,2.6214925691233146,4.0
HP Chromebook 11MK G9 EE Touch Laptop,22599,1.1487603305785123,1.8284227674447933,6.5
HP 255 G9 â949J0PA Laptop,31990,2.56198347107438,1.840416203589043,6.5
Lenovo Legion 5 16IRX9 83DG004RIN Laptop,129490,7.218181818181819,2.5555635352206507,4.0
Lenovo IdeaPad Pro 5 83D2001GIN Gaming Laptop,112990,4.818181818181818,1.8490690671714434,8.0
HP 15s-fq5328TU Laptop,41147,1.3471074380165289,1.7300218801733043,8.0
Lenovo ThinkBook 16 G6 21KHA0J6IN Laptop,59990,2.884297520661157,1.6835455002074857,8.0
HP 15s-fq5331TU Laptop,61990,2.884297520661157,1.81467542722941,8.0
MSI Crosshair 16 HX D14VGKG-205IN Gaming Laptop,169990,8.363636363636363,2.6884589111159234,4.0
MSI Crosshair 16 HX D14VFKG-206IN Gaming Laptop,139260,7.709090909090909,2.4555961378285454,4.0
Lenovo LOQ 15IAX9 83GS008BIN Gaming Laptop,56990,4.966942148760331,2.4549403994353245,4.0
Asus Zenbook Duo OLED 2024 UX8406MA-QL551WS Laptop,144990,2.884297520661157,1.8599201381023018,8.0
HP 15-fd1098TU Laptop,55994,2.7355371900826446,1.8824559838403494,8.0
Asus Zenbook Duo OLED 2024 UX8406MA-QL971WS Laptop,189990,4.966942148760331,1.6064172697071,8.0
Lenovo LOQ 15IRX9 83DV00BCIN Gaming Laptop,96190,6.890909090909091,2.5293878438460826,4.0
HP 15-fd1099TU Laptop,64990,2.7355371900826446,1.6474143779829566,8.0
HP 15-fd0220TU Laptop,52789,2.884297520661157,1.7221678254731523,8.0
Asus Zenbook Duo OLED 2024 UX8406MA-QL961WS Laptop,179990,4.966942148760331,1.607996596784818,8.0
Dell G15-5530 15.6 Gaming Laptop,71090,6.890909090909091,2.5682993045265503,4.0
Acer Swift Go 14 SFG14-73T Laptop,79990,2.7355371900826446,1.7178494088517295,8.0
Acer Swift Go 14 2024 SFG14-73T Laptop,94990,3.7768595041322315,1.7599159002649827,8.0
Acer Predator Helios 16 âPH16-72 NH.QNZSI.002 Gaming Laptop,225000,8.735537190082646,2.613182839741832,4.0
Acer Swift Go 14 OLED SFG14-73 Laptop,86899,3.7768595041322315,1.8753063597201596,8.0
Acer Nitro V ANV15-51 NH.QN8SI.001 Gaming Laptop,86100,7.218181818181819,2.793999716357496,4.0
Lenovo ThinkPad E14 21JKS0LT00 Laptop,49990,1.4958677685950414,1.8098005957825993,8.0
HP 15s-fq5326TU Laptop,34699,1.3471074380165289,1.7338299401294983,8.0
Asus VivoBook 15 X1500EA-EJ122WS Laptop,26100,1.0,1.6663622074738618,8.0
Acer Aspire Lite AL15-41 Laptop,28990,1.322314049586777,1.6461443910200935,8.0
HP Envy x360 14-fa0038AU Laptop,89990,2.7107438016528924,1.824843428953182,5.5
HP Envy x360 14-fc0078TU Laptop,89749,2.7355371900826446,1.8783517690544007,8.0
Lenovo IdeaPad Slim 3 â15IAH8 83ER00BCIN Laptop,49150,4.818181818181818,1.7037612176294976,5.5
HP 15s-fq5329TU Laptop,50499,2.7355371900826446,1.6208713348317862,8.0
Lenovo Legion Pro 7i 2024 Gaming Laptop,297758,8.735537190082646,2.477751390413898,4.0
HP Envy x360 â14-fc0100TU Laptop,118990,3.7768595041322315,1.6610538006797677,8.0
HP Envy x360 14-fc0106TU Laptop,92490,3.7768595041322315,1.8461751761244,8.0
Samsung Galaxy Book 4 NP750XGK-KS3IN Laptop,65000,1.1487603305785123,1.6362251188635044,8.0
Samsung Galaxy Book 4 NP750XGK-KS1IN Laptop,52990,1.1487603305785123,1.895554319289489,8.0
HP Spectre x360 14-ef2035TU Laptop,150990,4.272727272727273,1.6384894032347825,8.0
Colorful Evol P15 Gaming Laptop,79990,6.3206611570247935,2.6627531895716126,4.0
Lenovo Legion 9i 83AG0044IN Laptop,449048,10.0,2.7149265949563737,4.0
Honor MagicBook X14 Pro 2024 âFRI-G56 Laptop,42999,6.355371900826446,1.837771277222049,5.5
HP Victus 15-fa1216TX Gaming Laptop,68990,6.801652892561983,2.407431710042152,4.0
HP Victus 15-fa1128TX Gaming Laptop,71290,6.355371900826446,2.762766752755698,4.0
MSI Commercial 14 H A13MG vPro-065IN Laptop,84990,6.206611570247934,1.8990300165696659,5.5
MSI Cyborg 15 AI A1VFK-049IN Gaming Laptop,101990,5.279338842975207,2.5325969121308534,4.0
MSI Raider GE78 HX 14VHG-805IN Gaming Laptop,262990,8.735537190082646,2.5264574709422636,4.0
MSI Cyborg 15 AI A1VEK-050IN Gaming Laptop,84122,4.788429752066116,2.775306036384848,4.0
MSI Katana A15 AI B8VE-418IN Gaming Laptop,89690,4.788429752066116,2.7260737766274827,4.0
Apple MacBook Air 15 2024 MRYR3HN/A Laptop,99994,3.578512396694215,1.288261891651765,9.5
Apple MacBook Air 2024 MRXW3HN/A Laptop,124900,3.87603305785124,1.3784781136342634,9.5
MSI Thin A15 AI B7UCX-068IN Gaming Laptop,55990,2.7107438016528924,2.519661503383778,4.0
Lenovo IdeaPad Slim 3 83EM0023IN Laptop,56399,6.206611570247934,1.852731783816484,5.5
MSI Thin A15 AI B7VE-066IN Gaming Laptop,72811,3.573553719008265,2.492025936059673,4.0
MSI Thin A15 AI B7VE-065IN Gaming Laptop,89999,4.788429752066116,2.5023051485952075,4.0
MSI Vector 16 HX A14VGG-279IN Gaming Laptop,189990,8.363636363636363,2.4704823031385024,4.0
Chuwi HeroBook Plus Laptop,18990,1.1487603305785123,1.8530301427566223,6.5
Xiaomi Redmi Book Pro 16 2024 Laptop,69990,2.884297520661157,1.6180523760712189,8.0
Xiaomi Redmi Book Pro 14 2024 Laptop,59990,2.884297520661157,1.7760937996308164,8.0
Lenovo Legion Y9000K 2024 Gaming Laptop,349990,10.0,2.5578710084126204,4.0
MSI Modern 15 C13M-081IN Laptop,51990,6.206611570247934,1.747383762574125,5.5
MSI Commercial 14 H A13MG-070IN Laptop,68348,6.206611570247934,1.6774284625851255,5.5
MSI Modern 14 D13MG-073IN Laptop,52990,6.206611570247934,1.8396966127091083,5.5
HP Pavilion Plus 14-ew0116TU Laptop,67990,2.884297520661157,1.7334920946795487,8.0
Samsung Galaxy Book 4 360 NP750QGK-KG3IN Laptop,123899,1.1487603305785123,1.628349900428229,8.0
MSI Prestige 16 AI Studio B1VFG Laptop,144990,5.279338842975207,2.691329313839284,4.0
MSI Prestige 16 AI Evo B1MG Laptop,89500,3.7768595041322315,1.7525838165361478,8.0
Samsung Galaxy Book 4 Pro NP960XGK-KG1IN Laptop,99999,2.884297520661157,1.7071389040767644,8.0
Samsung Galaxy Book 4 Pro NP960XGK-KG2IN Laptop,144990,3.925619834710744,1.643761803232094,8.0
Samsung Galaxy Book 4 Pro 14 NP940XGK-KS1IN Laptop,111990,2.884297520661157,1.8044677340698707,8.0
Samsung Galaxy Book 4 Pro 14 NP940XGK-KG2IN Laptop,121999,3.925619834710744,1.7851101747236273,8.0
Samsung Galaxy Book 4 Pro 14 NP940XGK-KG3IN Laptop,121994,3.925619834710744,1.7050504422700068,8.0
MSI Prestige 16 AI Studio B1VEG Laptop,134990,4.788429752066116,2.459377956064639,4.0
Asus ROG Strix SCAR 16 2024 G634JZR-CM932WS Gaming Laptop,277994,8.735537190082646,2.6127929372686767,4.0
Lenovo IdeaPad Slim 5 83DA0049IN Laptop,75490,2.884297520661157,1.671288520201092,8.0
Lenovo IdeaPad Slim 5 â16IMH9 83DC0042IN Laptop,74490,2.884297520661157,1.8817087043327172,8.0
HP ZBook Firefly 14 G10 Workstation Laptop,137730,4.272727272727273,1.6207974632715854,8.0
Dell G15-5530 GN5530D83M6001ORB1 Gaming Laptop,75990,6.890909090909091,2.7129950872495145,4.0
HP 14s-dq5138tu Laptop,37990,1.3471074380165289,1.8662261325800649,8.0
HP 15s-fq5330TU Laptop,51800,2.7355371900826446,1.889848870552224,8.0
Dell Vostro 3530 Laptop,34990,1.3471074380165289,1.7996685671161967,8.0
HP 14-ew0153TU Laptop,95990,4.12396694214876,1.8614899543584782,8.0
Acer Swift Go 14 SFG14-72T Laptop,75999,2.7355371900826446,1.7088916004817962,8.0
HP Pavilion 15-eh1047AU Laptop,56990,2.7107438016528924,1.807970317862307,8.0
Acer Aspire Lite 15 AL15-52 Laptop,37938,1.4958677685950414,1.748378486314079,8.0
